Workbook

Sheet 0_Summary
A1: RAW MATERIAL | F1: BREAD COMPOSITION | L1: SENSORIAL | Q1: BREAD CRUMB POROSITY
A2: Parameter | B2: Sample | C2: Average (%) | D2: SD (%) | F2: Parameter | G2: Batch | H2: Sample | I2: Average (%) | J2: SD (%) | L2: Sample | M2: Test | N2: Avg Overall Points | O2: SD (%) | Q2: Test Name | R2: Avg 2D Porosity (%) | S2: SD 2D Porosity (%) | T2: Avg 3D Vol. (%) | U2: SD 3D Vol. (%) | V2: Avg Cell Count | W2: SD Cell Count | X2: Avg Cell Density (cells/cm²) | Y2: SD Cell Density | Z2: Avg Mean Cell Area (mm²) | AA2: SD Mean Cell Area
A3: Moisture | B3: Flour | C3: {=AVERAGEIFS( _xlfn.SWITCH(A3,"Moisture",'1_RawMaterial'!K:K,"Ash",'1_RawMaterial'!L:L,"Protein",'1_RawMaterial'!N:N,"Gluten",'1_RawMaterial'!P:P,"Fibre",'1_RawMaterial'!Q:Q), '1_RawMaterial'!D:D, A3, '1_RawMaterial'!C:C, B3 )} -> 0.12429887 | D3: {=_xlfn.STDEV.S( _xlfn._xlws.FILTER( _xlfn.SWITCH(A3,"Moisture",'1_RawMaterial'!K:K,"Ash",'1_RawMaterial'!L:L,"Protein",'1_RawMaterial'!N:N,"Gluten",'1_RawMaterial'!P:P,"Fibre",'1_RawMaterial'!Q:Q), ('1_RawMaterial'!D:D=A3)*('1_RawMaterial'!C:C=B3) ) )} -> 2.6363291e-05 | F3: Moisture | G3: A | H3: Flour | I3: {=IFERROR(_xlfn.LET(_xlpm.col,_xlfn.SWITCH($F3,"Moisture",'4_BreadComposition'!$K$2:$K$99,"Ash",'4_BreadComposition'!$M$2:$M$99,"Protein",'4_BreadComposition'!$O$2:$O$99,"Fibre",'4_BreadComposition'!$P$2:$P$99),_xlpm.f,_xlfn._xlws.FILTER(_xlpm.col,(TRIM('4_BreadComposition'!$D$2:$D$99)=TRIM($H3))*('4_BreadComposition'!$E$2:$E$99=$F3)*('4_BreadComposition'!$B$2:$B$99=$G3)*ISNUMBER(_xlpm.col)),AVERAGE(_xlpm.f)),"")} -> 0.093306693 | J3: {=IFERROR(_xlfn.LET(_xlpm.col,_xlfn.SWITCH($F3,"Moisture",'4_BreadComposition'!$K$2:$K$99,"Ash",'4_BreadComposition'!$M$2:$M$99,"Protein",'4_BreadComposition'!$O$2:$O$99,"Fibre",'4_BreadComposition'!$P$2:$P$99),_xlpm.f,_xlfn._xlws.FILTER(_xlpm.col,(TRIM('4_BreadComposition'!$D$2:$D$99)=TRIM($H3))*('4_BreadComposition'!$E$2:$E$99=$F3)*('4_BreadComposition'!$B$2:$B$99=$G3)*ISNUMBER(_xlpm.col)),_xlfn.STDEV.S(_xlpm.f)),"")} | L3: Flour | M3: 1 | N3: =AVERAGEIFS('5_Sensorial'!$N:$N, '5_Sensorial'!$B:$B, L3, '5_Sensorial'!$C:$C, M3) -> 82.5625 | O3: {=_xlfn.STDEV.S(IF(('5_Sensorial'!$B:$B=$L3)*('5_Sensorial'!$C:$C=$M3),'5_Sensorial'!$N:$N)) / AVERAGEIFS('5_Sensorial'!$N:$N,'5_Sensorial'!$B:$B,$L3,'5_Sensorial'!$C:$C,$M3) * 100} -> 9.0778971 | Q3: Flour | R3: =AVERAGEIF('6_BreadCrumbPorosity'!$B$2:$B$28,$Q3,'6_BreadCrumbPorosity'!D$2:D$28) -> 41.48 | S3: {=STDEV(IF('6_BreadCrumbPorosity'!$B$2:$B$28=$Q3,'6_BreadCrumbPorosity'!D$2:D$28))} -> 0.03 | T3: =AVERAGEIF('6_BreadCrumbPorosity'!$B$2:$B$28,$Q3,'6_BreadCrumbPorosity'!E$2:E$28) -> 62.216667 | U3: {=STDEV(IF('6_BreadCrumbPorosity'!$B$2:$B$28=$Q3,'6_BreadCrumbPorosity'!E$2:E$28))} -> 0.045092498 | V3: =AVERAGEIF('6_BreadCrumbPorosity'!$B$2:$B$28,$Q3,'6_BreadCrumbPorosity'!F$2:F$28) -> 812.33333 | W3: {=STDEV(IF('6_BreadCrumbPorosity'!$B$2:$B$28=$Q3,'6_BreadCrumbPorosity'!F$2:F$28))} -> 11.930353 | X3: =AVERAGEIF('6_BreadCrumbPorosity'!$B$2:$B$28,$Q3,'6_BreadCrumbPorosity'!G$2:G$28) -> 11.033333 | Y3: {=STDEV(IF('6_BreadCrumbPorosity'!$B$2:$B$28=$Q3,'6_BreadCrumbPorosity'!G$2:G$28))} -> 0.071360587 | Z3: =AVERAGEIF('6_BreadCrumbPorosity'!$B$2:$B$28,$Q3,'6_BreadCrumbPorosity'!H$2:H$28) -> 3.7596 | AA3: {=STDEV(IF('6_BreadCrumbPorosity'!$B$2:$B$28=$Q3,'6_BreadCrumbPorosity'!H$2:H$28))} -> 0.02694049
A4: Moisture | B4: BSG | C4: {=AVERAGEIFS( _xlfn.SWITCH(A4,"Moisture",'1_RawMaterial'!K:K,"Ash",'1_RawMaterial'!L:L,"Protein",'1_RawMaterial'!N:N,"Gluten",'1_RawMaterial'!P:P,"Fibre",'1_RawMaterial'!Q:Q), '1_RawMaterial'!D:D, A4, '1_RawMaterial'!C:C, B4 )} -> 0.049300202 | D4: {=_xlfn.STDEV.S( _xlfn._xlws.FILTER( _xlfn.SWITCH(A4,"Moisture",'1_RawMaterial'!K:K,"Ash",'1_RawMaterial'!L:L,"Protein",'1_RawMaterial'!N:N,"Gluten",'1_RawMaterial'!P:P,"Fibre",'1_RawMaterial'!Q:Q), ('1_RawMaterial'!D:D=A4)*('1_RawMaterial'!C:C=B4) ) )} -> 0.0010943033 | F4: Moisture | G4: A | H4: 10% BSG | I4: {=IFERROR(_xlfn.LET(_xlpm.col,_xlfn.SWITCH($F4,"Moisture",'4_BreadComposition'!$K$2:$K$99,"Ash",'4_BreadComposition'!$M$2:$M$99,"Protein",'4_BreadComposition'!$O$2:$O$99,"Fibre",'4_BreadComposition'!$P$2:$P$99),_xlpm.f,_xlfn._xlws.FILTER(_xlpm.col,(TRIM('4_BreadComposition'!$D$2:$D$99)=TRIM($H4))*('4_BreadComposition'!$E$2:$E$99=$F4)*('4_BreadComposition'!$B$2:$B$99=$G4)*ISNUMBER(_xlpm.col)),AVERAGE(_xlpm.f)),"")} -> 0.090241322 | J4: {=IFERROR(_xlfn.LET(_xlpm.col,_xlfn.SWITCH($F4,"Moisture",'4_BreadComposition'!$K$2:$K$99,"Ash",'4_BreadComposition'!$M$2:$M$99,"Protein",'4_BreadComposition'!$O$2:$O$99,"Fibre",'4_BreadComposition'!$P$2:$P$99),_xlpm.f,_xlfn._xlws.FILTER(_xlpm.col,(TRIM('4_BreadComposition'!$D$2:$D$99)=TRIM($H4))*('4_BreadComposition'!$E$2:$E$99=$F4)*('4_BreadComposition'!$B$2:$B$99=$G4)*ISNUMBER(_xlpm.col)),_xlfn.STDEV.S(_xlpm.f)),"")} | L4: 10% BSG | M4: 1 | N4: =AVERAGEIFS('5_Sensorial'!$N:$N, '5_Sensorial'!$B:$B, L4, '5_Sensorial'!$C:$C, M4) -> 76.75 | O4: {=_xlfn.STDEV.S(IF(('5_Sensorial'!$B:$B=$L4)*('5_Sensorial'!$C:$C=$M4),'5_Sensorial'!$N:$N)) / AVERAGEIFS('5_Sensorial'!$N:$N,'5_Sensorial'!$B:$B,$L4,'5_Sensorial'!$C:$C,$M4) * 100} -> 7.8716912 | Q4: 10% BSG+70ppmE | R4: =AVERAGEIF('6_BreadCrumbPorosity'!$B$2:$B$28,$Q4,'6_BreadCrumbPorosity'!D$2:D$28) -> 25.733333 | S4: {=STDEV(IF('6_BreadCrumbPorosity'!$B$2:$B$28=$Q4,'6_BreadCrumbPorosity'!D$2:D$28))} -> 0.45081408 | T4: =AVERAGEIF('6_BreadCrumbPorosity'!$B$2:$B$28,$Q4,'6_BreadCrumbPorosity'!E$2:E$28) -> 38.603333 | U4: {=STDEV(IF('6_BreadCrumbPorosity'!$B$2:$B$28=$Q4,'6_BreadCrumbPorosity'!E$2:E$28))} -> 0.67796263 | V4: =AVERAGEIF('6_BreadCrumbPorosity'!$B$2:$B$28,$Q4,'6_BreadCrumbPorosity'!F$2:F$28) -> 574 | W4: {=STDEV(IF('6_BreadCrumbPorosity'!$B$2:$B$28=$Q4,'6_BreadCrumbPorosity'!F$2:F$28))} -> 8.660254 | X4: =AVERAGEIF('6_BreadCrumbPorosity'!$B$2:$B$28,$Q4,'6_BreadCrumbPorosity'!G$2:G$28) -> 7.6126667 | Y4: {=STDEV(IF('6_BreadCrumbPorosity'!$B$2:$B$28=$Q4,'6_BreadCrumbPorosity'!G$2:G$28))} -> 0.092635486 | Z4: =AVERAGEIF('6_BreadCrumbPorosity'!$B$2:$B$28,$Q4,'6_BreadCrumbPorosity'!H$2:H$28) -> 3.3809 | AA4: {=STDEV(IF('6_BreadCrumbPorosity'!$B$2:$B$28=$Q4,'6_BreadCrumbPorosity'!H$2:H$28))} -> 0.058657566
A5: Moisture | B5: 10% BSG Mixture | C5: {=AVERAGEIFS( _xlfn.SWITCH(A5,"Moisture",'1_RawMaterial'!K:K,"Ash",'1_RawMaterial'!L:L,"Protein",'1_RawMaterial'!N:N,"Gluten",'1_RawMaterial'!P:P,"Fibre",'1_RawMaterial'!Q:Q), '1_RawMaterial'!D:D, A5, '1_RawMaterial'!C:C, B5 )} -> 0.11611839 | D5: {=_xlfn.STDEV.S( _xlfn._xlws.FILTER( _xlfn.SWITCH(A5,"Moisture",'1_RawMaterial'!K:K,"Ash",'1_RawMaterial'!L:L,"Protein",'1_RawMaterial'!N:N,"Gluten",'1_RawMaterial'!P:P,"Fibre",'1_RawMaterial'!Q:Q), ('1_RawMaterial'!D:D=A5)*('1_RawMaterial'!C:C=B5) ) )} -> 0.0010605541 | F5: Moisture | G5: A | H5: 20% BSG | I5: {=IFERROR(_xlfn.LET(_xlpm.col,_xlfn.SWITCH($F5,"Moisture",'4_BreadComposition'!$K$2:$K$99,"Ash",'4_BreadComposition'!$M$2:$M$99,"Protein",'4_BreadComposition'!$O$2:$O$99,"Fibre",'4_BreadComposition'!$P$2:$P$99),_xlpm.f,_xlfn._xlws.FILTER(_xlpm.col,(TRIM('4_BreadComposition'!$D$2:$D$99)=TRIM($H5))*('4_BreadComposition'!$E$2:$E$99=$F5)*('4_BreadComposition'!$B$2:$B$99=$G5)*ISNUMBER(_xlpm.col)),AVERAGE(_xlpm.f)),"")} -> 0.088480201 | J5: {=IFERROR(_xlfn.LET(_xlpm.col,_xlfn.SWITCH($F5,"Moisture",'4_BreadComposition'!$K$2:$K$99,"Ash",'4_BreadComposition'!$M$2:$M$99,"Protein",'4_BreadComposition'!$O$2:$O$99,"Fibre",'4_BreadComposition'!$P$2:$P$99),_xlpm.f,_xlfn._xlws.FILTER(_xlpm.col,(TRIM('4_BreadComposition'!$D$2:$D$99)=TRIM($H5))*('4_BreadComposition'!$E$2:$E$99=$F5)*('4_BreadComposition'!$B$2:$B$99=$G5)*ISNUMBER(_xlpm.col)),_xlfn.STDEV.S(_xlpm.f)),"")} | L5: 20% BSG | M5: 1 | N5: =AVERAGEIFS('5_Sensorial'!$N:$N, '5_Sensorial'!$B:$B, L5, '5_Sensorial'!$C:$C, M5) -> 54.625 | O5: {=_xlfn.STDEV.S(IF(('5_Sensorial'!$B:$B=$L5)*('5_Sensorial'!$C:$C=$M5),'5_Sensorial'!$N:$N)) / AVERAGEIFS('5_Sensorial'!$N:$N,'5_Sensorial'!$B:$B,$L5,'5_Sensorial'!$C:$C,$M5) * 100} -> 33.373318 | Q5: 20% BSG+70ppmE | R5: =AVERAGEIF('6_BreadCrumbPorosity'!$B$2:$B$28,$Q5,'6_BreadCrumbPorosity'!D$2:D$28) -> 19.663333 | S5: {=STDEV(IF('6_BreadCrumbPorosity'!$B$2:$B$28=$Q5,'6_BreadCrumbPorosity'!D$2:D$28))} -> 5.4096334 | T5: =AVERAGEIF('6_BreadCrumbPorosity'!$B$2:$B$28,$Q5,'6_BreadCrumbPorosity'!E$2:E$28) -> 29.496667 | U5: {=STDEV(IF('6_BreadCrumbPorosity'!$B$2:$B$28=$Q5,'6_BreadCrumbPorosity'!E$2:E$28))} -> 8.1188074 | V5: =AVERAGEIF('6_BreadCrumbPorosity'!$B$2:$B$28,$Q5,'6_BreadCrumbPorosity'!F$2:F$28) -> 386.66667 | W5: {=STDEV(IF('6_BreadCrumbPorosity'!$B$2:$B$28=$Q5,'6_BreadCrumbPorosity'!F$2:F$28))} -> 96.173454 | X5: =AVERAGEIF('6_BreadCrumbPorosity'!$B$2:$B$28,$Q5,'6_BreadCrumbPorosity'!G$2:G$28) -> 6.0316667 | Y5: {=STDEV(IF('6_BreadCrumbPorosity'!$B$2:$B$28=$Q5,'6_BreadCrumbPorosity'!G$2:G$28))} -> 1.5314311 | Z5: =AVERAGEIF('6_BreadCrumbPorosity'!$B$2:$B$28,$Q5,'6_BreadCrumbPorosity'!H$2:H$28) -> 3.2996 | AA5: {=STDEV(IF('6_BreadCrumbPorosity'!$B$2:$B$28=$Q5,'6_BreadCrumbPorosity'!H$2:H$28))} -> 0.61215825
A6: Moisture | B6: 20% BSG Mixture | C6: {=AVERAGEIFS( _xlfn.SWITCH(A6,"Moisture",'1_RawMaterial'!K:K,"Ash",'1_RawMaterial'!L:L,"Protein",'1_RawMaterial'!N:N,"Gluten",'1_RawMaterial'!P:P,"Fibre",'1_RawMaterial'!Q:Q), '1_RawMaterial'!D:D, A6, '1_RawMaterial'!C:C, B6 )} -> 0.10679947 | D6: {=_xlfn.STDEV.S( _xlfn._xlws.FILTER( _xlfn.SWITCH(A6,"Moisture",'1_RawMaterial'!K:K,"Ash",'1_RawMaterial'!L:L,"Protein",'1_RawMaterial'!N:N,"Gluten",'1_RawMaterial'!P:P,"Fibre",'1_RawMaterial'!Q:Q), ('1_RawMaterial'!D:D=A6)*('1_RawMaterial'!C:C=B6) ) )} -> 0.0021503512 | F6: Moisture | G6: A | H6: 10% BSG+70ppmE | I6: {=IFERROR(_xlfn.LET(_xlpm.col,_xlfn.SWITCH($F6,"Moisture",'4_BreadComposition'!$K$2:$K$99,"Ash",'4_BreadComposition'!$M$2:$M$99,"Protein",'4_BreadComposition'!$O$2:$O$99,"Fibre",'4_BreadComposition'!$P$2:$P$99),_xlpm.f,_xlfn._xlws.FILTER(_xlpm.col,(TRIM('4_BreadComposition'!$D$2:$D$99)=TRIM($H6))*('4_BreadComposition'!$E$2:$E$99=$F6)*('4_BreadComposition'!$B$2:$B$99=$G6)*ISNUMBER(_xlpm.col)),AVERAGE(_xlpm.f)),"")} -> 0.088792983 | J6: {=IFERROR(_xlfn.LET(_xlpm.col,_xlfn.SWITCH($F6,"Moisture",'4_BreadComposition'!$K$2:$K$99,"Ash",'4_BreadComposition'!$M$2:$M$99,"Protein",'4_BreadComposition'!$O$2:$O$99,"Fibre",'4_BreadComposition'!$P$2:$P$99),_xlpm.f,_xlfn._xlws.FILTER(_xlpm.col,(TRIM('4_BreadComposition'!$D$2:$D$99)=TRIM($H6))*('4_BreadComposition'!$E$2:$E$99=$F6)*('4_BreadComposition'!$B$2:$B$99=$G6)*ISNUMBER(_xlpm.col)),_xlfn.STDEV.S(_xlpm.f)),"")} | L6: 10% BSG+70ppmE | M6: 1 | N6: =AVERAGEIFS('5_Sensorial'!$N:$N, '5_Sensorial'!$B:$B, L6, '5_Sensorial'!$C:$C, M6) -> 65.25 | O6: {=_xlfn.STDEV.S(IF(('5_Sensorial'!$B:$B=$L6)*('5_Sensorial'!$C:$C=$M6),'5_Sensorial'!$N:$N)) / AVERAGEIFS('5_Sensorial'!$N:$N,'5_Sensorial'!$B:$B,$L6,'5_Sensorial'!$C:$C,$M6) * 100} -> 16.688201 | Q6: 10% BSG_fraction+70ppmE | R6: =AVERAGEIF('6_BreadCrumbPorosity'!$B$2:$B$28,$Q6,'6_BreadCrumbPorosity'!D$2:D$28) -> 27.823333 | S6: {=STDEV(IF('6_BreadCrumbPorosity'!$B$2:$B$28=$Q6,'6_BreadCrumbPorosity'!D$2:D$28))} -> 1.8283964 | T6: =AVERAGEIF('6_BreadCrumbPorosity'!$B$2:$B$28,$Q6,'6_BreadCrumbPorosity'!E$2:E$28) -> 41.733333 | U6: {=STDEV(IF('6_BreadCrumbPorosity'!$B$2:$B$28=$Q6,'6_BreadCrumbPorosity'!E$2:E$28))} -> 2.7452929 | V6: =AVERAGEIF('6_BreadCrumbPorosity'!$B$2:$B$28,$Q6,'6_BreadCrumbPorosity'!F$2:F$28) -> 640.33333 | W6: {=STDEV(IF('6_BreadCrumbPorosity'!$B$2:$B$28=$Q6,'6_BreadCrumbPorosity'!F$2:F$28))} -> 57.35271 | X6: =AVERAGEIF('6_BreadCrumbPorosity'!$B$2:$B$28,$Q6,'6_BreadCrumbPorosity'!G$2:G$28) -> 8.1276667 | Y6: {=STDEV(IF('6_BreadCrumbPorosity'!$B$2:$B$28=$Q6,'6_BreadCrumbPorosity'!G$2:G$28))} -> 0.47510455 | Z6: =AVERAGEIF('6_BreadCrumbPorosity'!$B$2:$B$28,$Q6,'6_BreadCrumbPorosity'!H$2:H$28) -> 3.4394667 | AA6: {=STDEV(IF('6_BreadCrumbPorosity'!$B$2:$B$28=$Q6,'6_BreadCrumbPorosity'!H$2:H$28))} -> 0.42234325
A7: Ash | B7: Flour | C7: {=AVERAGEIFS( _xlfn.SWITCH(A7,"Moisture",'1_RawMaterial'!K:K,"Ash",'1_RawMaterial'!L:L,"Protein",'1_RawMaterial'!N:N,"Gluten",'1_RawMaterial'!P:P,"Fibre",'1_RawMaterial'!Q:Q), '1_RawMaterial'!D:D, A7, '1_RawMaterial'!C:C, B7 )} -> 0.0066165097 | D7: {=_xlfn.STDEV.S( _xlfn._xlws.FILTER( _xlfn.SWITCH(A7,"Moisture",'1_RawMaterial'!K:K,"Ash",'1_RawMaterial'!L:L,"Protein",'1_RawMaterial'!N:N,"Gluten",'1_RawMaterial'!P:P,"Fibre",'1_RawMaterial'!Q:Q), ('1_RawMaterial'!D:D=A7)*('1_RawMaterial'!C:C=B7) ) )} -> 0.00044969074 | F7: Moisture | G7: A | H7: 20% BSG+70ppmE | I7: {=IFERROR(_xlfn.LET(_xlpm.col,_xlfn.SWITCH($F7,"Moisture",'4_BreadComposition'!$K$2:$K$99,"Ash",'4_BreadComposition'!$M$2:$M$99,"Protein",'4_BreadComposition'!$O$2:$O$99,"Fibre",'4_BreadComposition'!$P$2:$P$99),_xlpm.f,_xlfn._xlws.FILTER(_xlpm.col,(TRIM('4_BreadComposition'!$D$2:$D$99)=TRIM($H7))*('4_BreadComposition'!$E$2:$E$99=$F7)*('4_BreadComposition'!$B$2:$B$99=$G7)*ISNUMBER(_xlpm.col)),AVERAGE(_xlpm.f)),"")} -> 0.087746262 | J7: {=IFERROR(_xlfn.LET(_xlpm.col,_xlfn.SWITCH($F7,"Moisture",'4_BreadComposition'!$K$2:$K$99,"Ash",'4_BreadComposition'!$M$2:$M$99,"Protein",'4_BreadComposition'!$O$2:$O$99,"Fibre",'4_BreadComposition'!$P$2:$P$99),_xlpm.f,_xlfn._xlws.FILTER(_xlpm.col,(TRIM('4_BreadComposition'!$D$2:$D$99)=TRIM($H7))*('4_BreadComposition'!$E$2:$E$99=$F7)*('4_BreadComposition'!$B$2:$B$99=$G7)*ISNUMBER(_xlpm.col)),_xlfn.STDEV.S(_xlpm.f)),"")} | L7: 20% BSG+70ppmE | M7: 1 | N7: =AVERAGEIFS('5_Sensorial'!$N:$N, '5_Sensorial'!$B:$B, L7, '5_Sensorial'!$C:$C, M7) -> 51.5625 | O7: {=_xlfn.STDEV.S(IF(('5_Sensorial'!$B:$B=$L7)*('5_Sensorial'!$C:$C=$M7),'5_Sensorial'!$N:$N)) / AVERAGEIFS('5_Sensorial'!$N:$N,'5_Sensorial'!$B:$B,$L7,'5_Sensorial'!$C:$C,$M7) * 100} -> 39.969659 | Q7: 20% BSG_fraction+70ppmE | R7: =AVERAGEIF('6_BreadCrumbPorosity'!$B$2:$B$28,$Q7,'6_BreadCrumbPorosity'!D$2:D$28) -> 22.756667 | S7: {=STDEV(IF('6_BreadCrumbPorosity'!$B$2:$B$28=$Q7,'6_BreadCrumbPorosity'!D$2:D$28))} -> 0.80407297 | T7: =AVERAGEIF('6_BreadCrumbPorosity'!$B$2:$B$28,$Q7,'6_BreadCrumbPorosity'!E$2:E$28) -> 34.136667 | U7: {=STDEV(IF('6_BreadCrumbPorosity'!$B$2:$B$28=$Q7,'6_BreadCrumbPorosity'!E$2:E$28))} -> 1.2035503 | V7: =AVERAGEIF('6_BreadCrumbPorosity'!$B$2:$B$28,$Q7,'6_BreadCrumbPorosity'!F$2:F$28) -> 585.33333 | W7: {=STDEV(IF('6_BreadCrumbPorosity'!$B$2:$B$28=$Q7,'6_BreadCrumbPorosity'!F$2:F$28))} -> 21.548395 | X7: =AVERAGEIF('6_BreadCrumbPorosity'!$B$2:$B$28,$Q7,'6_BreadCrumbPorosity'!G$2:G$28) -> 9.729 | Y7: {=STDEV(IF('6_BreadCrumbPorosity'!$B$2:$B$28=$Q7,'6_BreadCrumbPorosity'!G$2:G$28))} -> 0.21017374 | Z7: =AVERAGEIF('6_BreadCrumbPorosity'!$B$2:$B$28,$Q7,'6_BreadCrumbPorosity'!H$2:H$28) -> 2.3410333 | AA7: {=STDEV(IF('6_BreadCrumbPorosity'!$B$2:$B$28=$Q7,'6_BreadCrumbPorosity'!H$2:H$28))} -> 0.13050909
A8: Ash | B8: BSG | C8: {=AVERAGEIFS( _xlfn.SWITCH(A8,"Moisture",'1_RawMaterial'!K:K,"Ash",'1_RawMaterial'!L:L,"Protein",'1_RawMaterial'!N:N,"Gluten",'1_RawMaterial'!P:P,"Fibre",'1_RawMaterial'!Q:Q), '1_RawMaterial'!D:D, A8, '1_RawMaterial'!C:C, B8 )} -> 0.040405881 | D8: {=_xlfn.STDEV.S( _xlfn._xlws.FILTER( _xlfn.SWITCH(A8,"Moisture",'1_RawMaterial'!K:K,"Ash",'1_RawMaterial'!L:L,"Protein",'1_RawMaterial'!N:N,"Gluten",'1_RawMaterial'!P:P,"Fibre",'1_RawMaterial'!Q:Q), ('1_RawMaterial'!D:D=A8)*('1_RawMaterial'!C:C=B8) ) )} -> 0.00044581066 | F8: Moisture | G8: B | H8: Flour | I8: {=IFERROR(_xlfn.LET(_xlpm.col,_xlfn.SWITCH($F8,"Moisture",'4_BreadComposition'!$K$2:$K$99,"Ash",'4_BreadComposition'!$M$2:$M$99,"Protein",'4_BreadComposition'!$O$2:$O$99,"Fibre",'4_BreadComposition'!$P$2:$P$99),_xlpm.f,_xlfn._xlws.FILTER(_xlpm.col,(TRIM('4_BreadComposition'!$D$2:$D$99)=TRIM($H8))*('4_BreadComposition'!$E$2:$E$99=$F8)*('4_BreadComposition'!$B$2:$B$99=$G8)*ISNUMBER(_xlpm.col)),AVERAGE(_xlpm.f)),"")} -> 0.0869 | J8: {=IFERROR(_xlfn.LET(_xlpm.col,_xlfn.SWITCH($F8,"Moisture",'4_BreadComposition'!$K$2:$K$99,"Ash",'4_BreadComposition'!$M$2:$M$99,"Protein",'4_BreadComposition'!$O$2:$O$99,"Fibre",'4_BreadComposition'!$P$2:$P$99),_xlpm.f,_xlfn._xlws.FILTER(_xlpm.col,(TRIM('4_BreadComposition'!$D$2:$D$99)=TRIM($H8))*('4_BreadComposition'!$E$2:$E$99=$F8)*('4_BreadComposition'!$B$2:$B$99=$G8)*ISNUMBER(_xlpm.col)),_xlfn.STDEV.S(_xlpm.f)),"")} | L8: Flour | M8: 2 | N8: =AVERAGEIFS('5_Sensorial'!$N:$N, '5_Sensorial'!$B:$B, L8, '5_Sensorial'!$C:$C, M8) -> 85.9375 | O8: {=_xlfn.STDEV.S(IF(('5_Sensorial'!$B:$B=$L8)*('5_Sensorial'!$C:$C=$M8),'5_Sensorial'!$N:$N)) / AVERAGEIFS('5_Sensorial'!$N:$N,'5_Sensorial'!$B:$B,$L8,'5_Sensorial'!$C:$C,$M8) * 100} -> 15.764213 | Q8: 10% BSG+140ppmE | R8: =AVERAGEIF('6_BreadCrumbPorosity'!$B$2:$B$28,$Q8,'6_BreadCrumbPorosity'!D$2:D$28) -> 24.9 | S8: {=STDEV(IF('6_BreadCrumbPorosity'!$B$2:$B$28=$Q8,'6_BreadCrumbPorosity'!D$2:D$28))} -> 2.6303422 | T8: =AVERAGEIF('6_BreadCrumbPorosity'!$B$2:$B$28,$Q8,'6_BreadCrumbPorosity'!E$2:E$28) -> 37.353333 | U8: {=STDEV(IF('6_BreadCrumbPorosity'!$B$2:$B$28=$Q8,'6_BreadCrumbPorosity'!E$2:E$28))} -> 3.9513331 | V8: =AVERAGEIF('6_BreadCrumbPorosity'!$B$2:$B$28,$Q8,'6_BreadCrumbPorosity'!F$2:F$28) -> 506 | W8: {=STDEV(IF('6_BreadCrumbPorosity'!$B$2:$B$28=$Q8,'6_BreadCrumbPorosity'!F$2:F$28))} -> 142.20056 | X8: =AVERAGEIF('6_BreadCrumbPorosity'!$B$2:$B$28,$Q8,'6_BreadCrumbPorosity'!G$2:G$28) -> 5.1096667 | Y8: {=STDEV(IF('6_BreadCrumbPorosity'!$B$2:$B$28=$Q8,'6_BreadCrumbPorosity'!G$2:G$28))} -> 0.13969371 | Z8: =AVERAGEIF('6_BreadCrumbPorosity'!$B$2:$B$28,$Q8,'6_BreadCrumbPorosity'!H$2:H$28) -> 4.8789 | AA8: {=STDEV(IF('6_BreadCrumbPorosity'!$B$2:$B$28=$Q8,'6_BreadCrumbPorosity'!H$2:H$28))} -> 0.56915728
A9: Ash | B9: 10% BSG Mixture | C9: {=AVERAGEIFS( _xlfn.SWITCH(A9,"Moisture",'1_RawMaterial'!K:K,"Ash",'1_RawMaterial'!L:L,"Protein",'1_RawMaterial'!N:N,"Gluten",'1_RawMaterial'!P:P,"Fibre",'1_RawMaterial'!Q:Q), '1_RawMaterial'!D:D, A9, '1_RawMaterial'!C:C, B9 )} -> 0.010114473 | D9: {=_xlfn.STDEV.S( _xlfn._xlws.FILTER( _xlfn.SWITCH(A9,"Moisture",'1_RawMaterial'!K:K,"Ash",'1_RawMaterial'!L:L,"Protein",'1_RawMaterial'!N:N,"Gluten",'1_RawMaterial'!P:P,"Fibre",'1_RawMaterial'!Q:Q), ('1_RawMaterial'!D:D=A9)*('1_RawMaterial'!C:C=B9) ) )} -> 2.1896679e-05 | F9: Moisture | G9: B | H9: 10% BSG+70ppmE | I9: {=IFERROR(_xlfn.LET(_xlpm.col,_xlfn.SWITCH($F9,"Moisture",'4_BreadComposition'!$K$2:$K$99,"Ash",'4_BreadComposition'!$M$2:$M$99,"Protein",'4_BreadComposition'!$O$2:$O$99,"Fibre",'4_BreadComposition'!$P$2:$P$99),_xlpm.f,_xlfn._xlws.FILTER(_xlpm.col,(TRIM('4_BreadComposition'!$D$2:$D$99)=TRIM($H9))*('4_BreadComposition'!$E$2:$E$99=$F9)*('4_BreadComposition'!$B$2:$B$99=$G9)*ISNUMBER(_xlpm.col)),AVERAGE(_xlpm.f)),"")} -> 0.0874 | J9: {=IFERROR(_xlfn.LET(_xlpm.col,_xlfn.SWITCH($F9,"Moisture",'4_BreadComposition'!$K$2:$K$99,"Ash",'4_BreadComposition'!$M$2:$M$99,"Protein",'4_BreadComposition'!$O$2:$O$99,"Fibre",'4_BreadComposition'!$P$2:$P$99),_xlpm.f,_xlfn._xlws.FILTER(_xlpm.col,(TRIM('4_BreadComposition'!$D$2:$D$99)=TRIM($H9))*('4_BreadComposition'!$E$2:$E$99=$F9)*('4_BreadComposition'!$B$2:$B$99=$G9)*ISNUMBER(_xlpm.col)),_xlfn.STDEV.S(_xlpm.f)),"")} | L9: 10% BSG+70ppmE | M9: 2 | N9: =AVERAGEIFS('5_Sensorial'!$N:$N, '5_Sensorial'!$B:$B, L9, '5_Sensorial'!$C:$C, M9) -> 81.75 | O9: {=_xlfn.STDEV.S(IF(('5_Sensorial'!$B:$B=$L9)*('5_Sensorial'!$C:$C=$M9),'5_Sensorial'!$N:$N)) / AVERAGEIFS('5_Sensorial'!$N:$N,'5_Sensorial'!$B:$B,$L9,'5_Sensorial'!$C:$C,$M9) * 100} -> 13.089257 | Q9: 20% BSG+140ppmE | R9: =AVERAGEIF('6_BreadCrumbPorosity'!$B$2:$B$28,$Q9,'6_BreadCrumbPorosity'!D$2:D$28) -> 19.386667 | S9: {=STDEV(IF('6_BreadCrumbPorosity'!$B$2:$B$28=$Q9,'6_BreadCrumbPorosity'!D$2:D$28))} -> 2.7274591 | T9: =AVERAGEIF('6_BreadCrumbPorosity'!$B$2:$B$28,$Q9,'6_BreadCrumbPorosity'!E$2:E$28) -> 29.076667 | U9: {=STDEV(IF('6_BreadCrumbPorosity'!$B$2:$B$28=$Q9,'6_BreadCrumbPorosity'!E$2:E$28))} -> 4.0885246 | V9: =AVERAGEIF('6_BreadCrumbPorosity'!$B$2:$B$28,$Q9,'6_BreadCrumbPorosity'!F$2:F$28) -> 565.66667 | W9: {=STDEV(IF('6_BreadCrumbPorosity'!$B$2:$B$28=$Q9,'6_BreadCrumbPorosity'!F$2:F$28))} -> 17.785762 | X9: =AVERAGEIF('6_BreadCrumbPorosity'!$B$2:$B$28,$Q9,'6_BreadCrumbPorosity'!G$2:G$28) -> 7.427 | Y9: {=STDEV(IF('6_BreadCrumbPorosity'!$B$2:$B$28=$Q9,'6_BreadCrumbPorosity'!G$2:G$28))} -> 0.22260279 | Z9: =AVERAGEIF('6_BreadCrumbPorosity'!$B$2:$B$28,$Q9,'6_BreadCrumbPorosity'!H$2:H$28) -> 2.6174 | AA9: {=STDEV(IF('6_BreadCrumbPorosity'!$B$2:$B$28=$Q9,'6_BreadCrumbPorosity'!H$2:H$28))} -> 0.43246915
A10: Ash | B10: 20% BSG Mixture | C10: {=AVERAGEIFS( _xlfn.SWITCH(A10,"Moisture",'1_RawMaterial'!K:K,"Ash",'1_RawMaterial'!L:L,"Protein",'1_RawMaterial'!N:N,"Gluten",'1_RawMaterial'!P:P,"Fibre",'1_RawMaterial'!Q:Q), '1_RawMaterial'!D:D, A10, '1_RawMaterial'!C:C, B10 )} -> 0.013383998 | D10: {=_xlfn.STDEV.S( _xlfn._xlws.FILTER( _xlfn.SWITCH(A10,"Moisture",'1_RawMaterial'!K:K,"Ash",'1_RawMaterial'!L:L,"Protein",'1_RawMaterial'!N:N,"Gluten",'1_RawMaterial'!P:P,"Fibre",'1_RawMaterial'!Q:Q), ('1_RawMaterial'!D:D=A10)*('1_RawMaterial'!C:C=B10) ) )} -> 6.9136816e-05 | F10: Moisture | G10: B | H10: 20% BSG+70ppmE | I10: {=IFERROR(_xlfn.LET(_xlpm.col,_xlfn.SWITCH($F10,"Moisture",'4_BreadComposition'!$K$2:$K$99,"Ash",'4_BreadComposition'!$M$2:$M$99,"Protein",'4_BreadComposition'!$O$2:$O$99,"Fibre",'4_BreadComposition'!$P$2:$P$99),_xlpm.f,_xlfn._xlws.FILTER(_xlpm.col,(TRIM('4_BreadComposition'!$D$2:$D$99)=TRIM($H10))*('4_BreadComposition'!$E$2:$E$99=$F10)*('4_BreadComposition'!$B$2:$B$99=$G10)*ISNUMBER(_xlpm.col)),AVERAGE(_xlpm.f)),"")} -> 0.0863 | J10: {=IFERROR(_xlfn.LET(_xlpm.col,_xlfn.SWITCH($F10,"Moisture",'4_BreadComposition'!$K$2:$K$99,"Ash",'4_BreadComposition'!$M$2:$M$99,"Protein",'4_BreadComposition'!$O$2:$O$99,"Fibre",'4_BreadComposition'!$P$2:$P$99),_xlpm.f,_xlfn._xlws.FILTER(_xlpm.col,(TRIM('4_BreadComposition'!$D$2:$D$99)=TRIM($H10))*('4_BreadComposition'!$E$2:$E$99=$F10)*('4_BreadComposition'!$B$2:$B$99=$G10)*ISNUMBER(_xlpm.col)),_xlfn.STDEV.S(_xlpm.f)),"")} | L10: 20% BSG+70ppmE | M10: 2 | N10: =AVERAGEIFS('5_Sensorial'!$N:$N, '5_Sensorial'!$B:$B, L10, '5_Sensorial'!$C:$C, M10) -> 56.8125 | O10: {=_xlfn.STDEV.S(IF(('5_Sensorial'!$B:$B=$L10)*('5_Sensorial'!$C:$C=$M10),'5_Sensorial'!$N:$N)) / AVERAGEIFS('5_Sensorial'!$N:$N,'5_Sensorial'!$B:$B,$L10,'5_Sensorial'!$C:$C,$M10) * 100} -> 22.511472 | Q10: 10% BSG_fraction+140ppmE | R10: =AVERAGEIF('6_BreadCrumbPorosity'!$B$2:$B$28,$Q10,'6_BreadCrumbPorosity'!D$2:D$28) -> 16.2 | S10: {=STDEV(IF('6_BreadCrumbPorosity'!$B$2:$B$28=$Q10,'6_BreadCrumbPorosity'!D$2:D$28))} -> 1.099136 | T10: =AVERAGEIF('6_BreadCrumbPorosity'!$B$2:$B$28,$Q10,'6_BreadCrumbPorosity'!E$2:E$28) -> 24.3 | U10: {=STDEV(IF('6_BreadCrumbPorosity'!$B$2:$B$28=$Q10,'6_BreadCrumbPorosity'!E$2:E$28))} -> 1.6416151 | V10: =AVERAGEIF('6_BreadCrumbPorosity'!$B$2:$B$28,$Q10,'6_BreadCrumbPorosity'!F$2:F$28) -> 673.33333 | W10: {=STDEV(IF('6_BreadCrumbPorosity'!$B$2:$B$28=$Q10,'6_BreadCrumbPorosity'!F$2:F$28))} -> 34.961884 | X10: =AVERAGEIF('6_BreadCrumbPorosity'!$B$2:$B$28,$Q10,'6_BreadCrumbPorosity'!G$2:G$28) -> 9.878 | Y10: {=STDEV(IF('6_BreadCrumbPorosity'!$B$2:$B$28=$Q10,'6_BreadCrumbPorosity'!G$2:G$28))} -> 0.11781766 | Z10: =AVERAGEIF('6_BreadCrumbPorosity'!$B$2:$B$28,$Q10,'6_BreadCrumbPorosity'!H$2:H$28) -> 1.6402667 | AA10: {=STDEV(IF('6_BreadCrumbPorosity'!$B$2:$B$28=$Q10,'6_BreadCrumbPorosity'!H$2:H$28))} -> 0.11771025
A11: Protein | B11: Flour | C11: {=AVERAGEIFS( _xlfn.SWITCH(A11,"Moisture",'1_RawMaterial'!K:K,"Ash",'1_RawMaterial'!L:L,"Protein",'1_RawMaterial'!N:N,"Gluten",'1_RawMaterial'!P:P,"Fibre",'1_RawMaterial'!Q:Q), '1_RawMaterial'!D:D, A11, '1_RawMaterial'!C:C, B11 )} -> 12.9 | D11: {=_xlfn.STDEV.S( _xlfn._xlws.FILTER( _xlfn.SWITCH(A11,"Moisture",'1_RawMaterial'!K:K,"Ash",'1_RawMaterial'!L:L,"Protein",'1_RawMaterial'!N:N,"Gluten",'1_RawMaterial'!P:P,"Fibre",'1_RawMaterial'!Q:Q), ('1_RawMaterial'!D:D=A11)*('1_RawMaterial'!C:C=B11) ) )} -> 0.14142136 | F11: Moisture | G11: B | H11: 10% BSG_fraction+70ppmE | I11: {=IFERROR(_xlfn.LET(_xlpm.col,_xlfn.SWITCH($F11,"Moisture",'4_BreadComposition'!$K$2:$K$99,"Ash",'4_BreadComposition'!$M$2:$M$99,"Protein",'4_BreadComposition'!$O$2:$O$99,"Fibre",'4_BreadComposition'!$P$2:$P$99),_xlpm.f,_xlfn._xlws.FILTER(_xlpm.col,(TRIM('4_BreadComposition'!$D$2:$D$99)=TRIM($H11))*('4_BreadComposition'!$E$2:$E$99=$F11)*('4_BreadComposition'!$B$2:$B$99=$G11)*ISNUMBER(_xlpm.col)),AVERAGE(_xlpm.f)),"")} -> 0.0866 | J11: {=IFERROR(_xlfn.LET(_xlpm.col,_xlfn.SWITCH($F11,"Moisture",'4_BreadComposition'!$K$2:$K$99,"Ash",'4_BreadComposition'!$M$2:$M$99,"Protein",'4_BreadComposition'!$O$2:$O$99,"Fibre",'4_BreadComposition'!$P$2:$P$99),_xlpm.f,_xlfn._xlws.FILTER(_xlpm.col,(TRIM('4_BreadComposition'!$D$2:$D$99)=TRIM($H11))*('4_BreadComposition'!$E$2:$E$99=$F11)*('4_BreadComposition'!$B$2:$B$99=$G11)*ISNUMBER(_xlpm.col)),_xlfn.STDEV.S(_xlpm.f)),"")} | L11: 10% BSG_fraction+70ppmE | M11: 2 | N11: =AVERAGEIFS('5_Sensorial'!$N:$N, '5_Sensorial'!$B:$B, L11, '5_Sensorial'!$C:$C, M11) -> 85 | O11: {=_xlfn.STDEV.S(IF(('5_Sensorial'!$B:$B=$L11)*('5_Sensorial'!$C:$C=$M11),'5_Sensorial'!$N:$N)) / AVERAGEIFS('5_Sensorial'!$N:$N,'5_Sensorial'!$B:$B,$L11,'5_Sensorial'!$C:$C,$M11) * 100} -> 8.0162958 | Q11: 20% BSG_fraction+140ppmE | R11: =AVERAGEIF('6_BreadCrumbPorosity'!$B$2:$B$28,$Q11,'6_BreadCrumbPorosity'!D$2:D$28) -> 22.683333 | S11: {=STDEV(IF('6_BreadCrumbPorosity'!$B$2:$B$28=$Q11,'6_BreadCrumbPorosity'!D$2:D$28))} -> 2.8309068 | T11: =AVERAGEIF('6_BreadCrumbPorosity'!$B$2:$B$28,$Q11,'6_BreadCrumbPorosity'!E$2:E$28) -> 34.026667 | U11: {=STDEV(IF('6_BreadCrumbPorosity'!$B$2:$B$28=$Q11,'6_BreadCrumbPorosity'!E$2:E$28))} -> 4.2508391 | V11: =AVERAGEIF('6_BreadCrumbPorosity'!$B$2:$B$28,$Q11,'6_BreadCrumbPorosity'!F$2:F$28) -> 676.66667 | W11: {=STDEV(IF('6_BreadCrumbPorosity'!$B$2:$B$28=$Q11,'6_BreadCrumbPorosity'!F$2:F$28))} -> 18.147543 | X11: =AVERAGEIF('6_BreadCrumbPorosity'!$B$2:$B$28,$Q11,'6_BreadCrumbPorosity'!G$2:G$28) -> 9.7 | Y11: {=STDEV(IF('6_BreadCrumbPorosity'!$B$2:$B$28=$Q11,'6_BreadCrumbPorosity'!G$2:G$28))} -> 0.34517966 | Z11: =AVERAGEIF('6_BreadCrumbPorosity'!$B$2:$B$28,$Q11,'6_BreadCrumbPorosity'!H$2:H$28) -> 2.3468667 | AA11: {=STDEV(IF('6_BreadCrumbPorosity'!$B$2:$B$28=$Q11,'6_BreadCrumbPorosity'!H$2:H$28))} -> 0.37339875
A12: Protein | B12: BSG | C12: {=AVERAGEIFS( _xlfn.SWITCH(A12,"Moisture",'1_RawMaterial'!K:K,"Ash",'1_RawMaterial'!L:L,"Protein",'1_RawMaterial'!N:N,"Gluten",'1_RawMaterial'!P:P,"Fibre",'1_RawMaterial'!Q:Q), '1_RawMaterial'!D:D, A12, '1_RawMaterial'!C:C, B12 )} -> 23.65 | D12: {=_xlfn.STDEV.S( _xlfn._xlws.FILTER( _xlfn.SWITCH(A12,"Moisture",'1_RawMaterial'!K:K,"Ash",'1_RawMaterial'!L:L,"Protein",'1_RawMaterial'!N:N,"Gluten",'1_RawMaterial'!P:P,"Fibre",'1_RawMaterial'!Q:Q), ('1_RawMaterial'!D:D=A12)*('1_RawMaterial'!C:C=B12) ) )} -> 0.21213203 | F12: Moisture | G12: B | H12: 20% BSG_fraction+70ppmE | I12: {=IFERROR(_xlfn.LET(_xlpm.col,_xlfn.SWITCH($F12,"Moisture",'4_BreadComposition'!$K$2:$K$99,"Ash",'4_BreadComposition'!$M$2:$M$99,"Protein",'4_BreadComposition'!$O$2:$O$99,"Fibre",'4_BreadComposition'!$P$2:$P$99),_xlpm.f,_xlfn._xlws.FILTER(_xlpm.col,(TRIM('4_BreadComposition'!$D$2:$D$99)=TRIM($H12))*('4_BreadComposition'!$E$2:$E$99=$F12)*('4_BreadComposition'!$B$2:$B$99=$G12)*ISNUMBER(_xlpm.col)),AVERAGE(_xlpm.f)),"")} -> 0.0849 | J12: {=IFERROR(_xlfn.LET(_xlpm.col,_xlfn.SWITCH($F12,"Moisture",'4_BreadComposition'!$K$2:$K$99,"Ash",'4_BreadComposition'!$M$2:$M$99,"Protein",'4_BreadComposition'!$O$2:$O$99,"Fibre",'4_BreadComposition'!$P$2:$P$99),_xlpm.f,_xlfn._xlws.FILTER(_xlpm.col,(TRIM('4_BreadComposition'!$D$2:$D$99)=TRIM($H12))*('4_BreadComposition'!$E$2:$E$99=$F12)*('4_BreadComposition'!$B$2:$B$99=$G12)*ISNUMBER(_xlpm.col)),_xlfn.STDEV.S(_xlpm.f)),"")} | L12: 20% BSG_fraction+70ppmE | M12: 2 | N12: =AVERAGEIFS('5_Sensorial'!$N:$N, '5_Sensorial'!$B:$B, L12, '5_Sensorial'!$C:$C, M12) -> 62.5 | O12: {=_xlfn.STDEV.S(IF(('5_Sensorial'!$B:$B=$L12)*('5_Sensorial'!$C:$C=$M12),'5_Sensorial'!$N:$N)) / AVERAGEIFS('5_Sensorial'!$N:$N,'5_Sensorial'!$B:$B,$L12,'5_Sensorial'!$C:$C,$M12) * 100} -> 14.917679
A13: Protein | B13: 10% BSG Mixture | C13: {=AVERAGEIFS( _xlfn.SWITCH(A13,"Moisture",'1_RawMaterial'!K:K,"Ash",'1_RawMaterial'!L:L,"Protein",'1_RawMaterial'!N:N,"Gluten",'1_RawMaterial'!P:P,"Fibre",'1_RawMaterial'!Q:Q), '1_RawMaterial'!D:D, A13, '1_RawMaterial'!C:C, B13 )} -> 14.65 | D13: {=_xlfn.STDEV.S( _xlfn._xlws.FILTER( _xlfn.SWITCH(A13,"Moisture",'1_RawMaterial'!K:K,"Ash",'1_RawMaterial'!L:L,"Protein",'1_RawMaterial'!N:N,"Gluten",'1_RawMaterial'!P:P,"Fibre",'1_RawMaterial'!Q:Q), ('1_RawMaterial'!D:D=A13)*('1_RawMaterial'!C:C=B13) ) )} -> 0.49497475 | F13: Moisture | G13: B | H13: 10% BSG+140ppmE | I13: {=IFERROR(_xlfn.LET(_xlpm.col,_xlfn.SWITCH($F13,"Moisture",'4_BreadComposition'!$K$2:$K$99,"Ash",'4_BreadComposition'!$M$2:$M$99,"Protein",'4_BreadComposition'!$O$2:$O$99,"Fibre",'4_BreadComposition'!$P$2:$P$99),_xlpm.f,_xlfn._xlws.FILTER(_xlpm.col,(TRIM('4_BreadComposition'!$D$2:$D$99)=TRIM($H13))*('4_BreadComposition'!$E$2:$E$99=$F13)*('4_BreadComposition'!$B$2:$B$99=$G13)*ISNUMBER(_xlpm.col)),AVERAGE(_xlpm.f)),"")} -> 0.0857 | J13: {=IFERROR(_xlfn.LET(_xlpm.col,_xlfn.SWITCH($F13,"Moisture",'4_BreadComposition'!$K$2:$K$99,"Ash",'4_BreadComposition'!$M$2:$M$99,"Protein",'4_BreadComposition'!$O$2:$O$99,"Fibre",'4_BreadComposition'!$P$2:$P$99),_xlpm.f,_xlfn._xlws.FILTER(_xlpm.col,(TRIM('4_BreadComposition'!$D$2:$D$99)=TRIM($H13))*('4_BreadComposition'!$E$2:$E$99=$F13)*('4_BreadComposition'!$B$2:$B$99=$G13)*ISNUMBER(_xlpm.col)),_xlfn.STDEV.S(_xlpm.f)),"")} | L13: 10% BSG+140ppmE | M13: 2 | N13: =AVERAGEIFS('5_Sensorial'!$N:$N, '5_Sensorial'!$B:$B, L13, '5_Sensorial'!$C:$C, M13) -> 78.5625 | O13: {=_xlfn.STDEV.S(IF(('5_Sensorial'!$B:$B=$L13)*('5_Sensorial'!$C:$C=$M13),'5_Sensorial'!$N:$N)) / AVERAGEIFS('5_Sensorial'!$N:$N,'5_Sensorial'!$B:$B,$L13,'5_Sensorial'!$C:$C,$M13) * 100} -> 13.778455
A14: Protein | B14: 20% BSG Mixture | C14: {=AVERAGEIFS( _xlfn.SWITCH(A14,"Moisture",'1_RawMaterial'!K:K,"Ash",'1_RawMaterial'!L:L,"Protein",'1_RawMaterial'!N:N,"Gluten",'1_RawMaterial'!P:P,"Fibre",'1_RawMaterial'!Q:Q), '1_RawMaterial'!D:D, A14, '1_RawMaterial'!C:C, B14 )} -> 14.9 | D14: {=_xlfn.STDEV.S( _xlfn._xlws.FILTER( _xlfn.SWITCH(A14,"Moisture",'1_RawMaterial'!K:K,"Ash",'1_RawMaterial'!L:L,"Protein",'1_RawMaterial'!N:N,"Gluten",'1_RawMaterial'!P:P,"Fibre",'1_RawMaterial'!Q:Q), ('1_RawMaterial'!D:D=A14)*('1_RawMaterial'!C:C=B14) ) )} -> 0.14142136 | F14: Moisture | G14: B | H14: 20% BSG+140ppmE | I14: {=IFERROR(_xlfn.LET(_xlpm.col,_xlfn.SWITCH($F14,"Moisture",'4_BreadComposition'!$K$2:$K$99,"Ash",'4_BreadComposition'!$M$2:$M$99,"Protein",'4_BreadComposition'!$O$2:$O$99,"Fibre",'4_BreadComposition'!$P$2:$P$99),_xlpm.f,_xlfn._xlws.FILTER(_xlpm.col,(TRIM('4_BreadComposition'!$D$2:$D$99)=TRIM($H14))*('4_BreadComposition'!$E$2:$E$99=$F14)*('4_BreadComposition'!$B$2:$B$99=$G14)*ISNUMBER(_xlpm.col)),AVERAGE(_xlpm.f)),"")} -> 0.0852 | J14: {=IFERROR(_xlfn.LET(_xlpm.col,_xlfn.SWITCH($F14,"Moisture",'4_BreadComposition'!$K$2:$K$99,"Ash",'4_BreadComposition'!$M$2:$M$99,"Protein",'4_BreadComposition'!$O$2:$O$99,"Fibre",'4_BreadComposition'!$P$2:$P$99),_xlpm.f,_xlfn._xlws.FILTER(_xlpm.col,(TRIM('4_BreadComposition'!$D$2:$D$99)=TRIM($H14))*('4_BreadComposition'!$E$2:$E$99=$F14)*('4_BreadComposition'!$B$2:$B$99=$G14)*ISNUMBER(_xlpm.col)),_xlfn.STDEV.S(_xlpm.f)),"")} | L14: 20% BSG+140ppmE | M14: 2 | N14: =AVERAGEIFS('5_Sensorial'!$N:$N, '5_Sensorial'!$B:$B, L14, '5_Sensorial'!$C:$C, M14) -> 69.25 | O14: {=_xlfn.STDEV.S(IF(('5_Sensorial'!$B:$B=$L14)*('5_Sensorial'!$C:$C=$M14),'5_Sensorial'!$N:$N)) / AVERAGEIFS('5_Sensorial'!$N:$N,'5_Sensorial'!$B:$B,$L14,'5_Sensorial'!$C:$C,$M14) * 100} -> 20.090967
A15: Gluten | B15: Flour | C15: {=AVERAGEIFS( _xlfn.SWITCH(A15,"Moisture",'1_RawMaterial'!K:K,"Ash",'1_RawMaterial'!L:L,"Protein",'1_RawMaterial'!N:N,"Gluten",'1_RawMaterial'!P:P,"Fibre",'1_RawMaterial'!Q:Q), '1_RawMaterial'!D:D, A15, '1_RawMaterial'!C:C, B15 )} -> 0.29036092 | D15: {=_xlfn.STDEV.S( _xlfn._xlws.FILTER( _xlfn.SWITCH(A15,"Moisture",'1_RawMaterial'!K:K,"Ash",'1_RawMaterial'!L:L,"Protein",'1_RawMaterial'!N:N,"Gluten",'1_RawMaterial'!P:P,"Fibre",'1_RawMaterial'!Q:Q), ('1_RawMaterial'!D:D=A15)*('1_RawMaterial'!C:C=B15) ) )} -> 0 | F15: Moisture | G15: B | H15: 10% BSG_fraction+140ppmE | I15: {=IFERROR(_xlfn.LET(_xlpm.col,_xlfn.SWITCH($F15,"Moisture",'4_BreadComposition'!$K$2:$K$99,"Ash",'4_BreadComposition'!$M$2:$M$99,"Protein",'4_BreadComposition'!$O$2:$O$99,"Fibre",'4_BreadComposition'!$P$2:$P$99),_xlpm.f,_xlfn._xlws.FILTER(_xlpm.col,(TRIM('4_BreadComposition'!$D$2:$D$99)=TRIM($H15))*('4_BreadComposition'!$E$2:$E$99=$F15)*('4_BreadComposition'!$B$2:$B$99=$G15)*ISNUMBER(_xlpm.col)),AVERAGE(_xlpm.f)),"")} -> 0.0866 | J15: {=IFERROR(_xlfn.LET(_xlpm.col,_xlfn.SWITCH($F15,"Moisture",'4_BreadComposition'!$K$2:$K$99,"Ash",'4_BreadComposition'!$M$2:$M$99,"Protein",'4_BreadComposition'!$O$2:$O$99,"Fibre",'4_BreadComposition'!$P$2:$P$99),_xlpm.f,_xlfn._xlws.FILTER(_xlpm.col,(TRIM('4_BreadComposition'!$D$2:$D$99)=TRIM($H15))*('4_BreadComposition'!$E$2:$E$99=$F15)*('4_BreadComposition'!$B$2:$B$99=$G15)*ISNUMBER(_xlpm.col)),_xlfn.STDEV.S(_xlpm.f)),"")} | L15: 10% BSG_fraction+140ppmE | M15: 2 | N15: =AVERAGEIFS('5_Sensorial'!$N:$N, '5_Sensorial'!$B:$B, L15, '5_Sensorial'!$C:$C, M15) -> 72.4375 | O15: {=_xlfn.STDEV.S(IF(('5_Sensorial'!$B:$B=$L15)*('5_Sensorial'!$C:$C=$M15),'5_Sensorial'!$N:$N)) / AVERAGEIFS('5_Sensorial'!$N:$N,'5_Sensorial'!$B:$B,$L15,'5_Sensorial'!$C:$C,$M15) * 100} -> 12.228134
A16: Gluten | B16: 10% BSG Mixture | C16: {=AVERAGEIFS( _xlfn.SWITCH(A16,"Moisture",'1_RawMaterial'!K:K,"Ash",'1_RawMaterial'!L:L,"Protein",'1_RawMaterial'!N:N,"Gluten",'1_RawMaterial'!P:P,"Fibre",'1_RawMaterial'!Q:Q), '1_RawMaterial'!D:D, A16, '1_RawMaterial'!C:C, B16 )} -> 0.24027901 | D16: {=_xlfn.STDEV.S( _xlfn._xlws.FILTER( _xlfn.SWITCH(A16,"Moisture",'1_RawMaterial'!K:K,"Ash",'1_RawMaterial'!L:L,"Protein",'1_RawMaterial'!N:N,"Gluten",'1_RawMaterial'!P:P,"Fibre",'1_RawMaterial'!Q:Q), ('1_RawMaterial'!D:D=A16)*('1_RawMaterial'!C:C=B16) ) )} -> 0 | F16: Moisture | G16: B | H16: 20% BSG_fraction+140ppmE | I16: {=IFERROR(_xlfn.LET(_xlpm.col,_xlfn.SWITCH($F16,"Moisture",'4_BreadComposition'!$K$2:$K$99,"Ash",'4_BreadComposition'!$M$2:$M$99,"Protein",'4_BreadComposition'!$O$2:$O$99,"Fibre",'4_BreadComposition'!$P$2:$P$99),_xlpm.f,_xlfn._xlws.FILTER(_xlpm.col,(TRIM('4_BreadComposition'!$D$2:$D$99)=TRIM($H16))*('4_BreadComposition'!$E$2:$E$99=$F16)*('4_BreadComposition'!$B$2:$B$99=$G16)*ISNUMBER(_xlpm.col)),AVERAGE(_xlpm.f)),"")} -> 0.0835 | J16: {=IFERROR(_xlfn.LET(_xlpm.col,_xlfn.SWITCH($F16,"Moisture",'4_BreadComposition'!$K$2:$K$99,"Ash",'4_BreadComposition'!$M$2:$M$99,"Protein",'4_BreadComposition'!$O$2:$O$99,"Fibre",'4_BreadComposition'!$P$2:$P$99),_xlpm.f,_xlfn._xlws.FILTER(_xlpm.col,(TRIM('4_BreadComposition'!$D$2:$D$99)=TRIM($H16))*('4_BreadComposition'!$E$2:$E$99=$F16)*('4_BreadComposition'!$B$2:$B$99=$G16)*ISNUMBER(_xlpm.col)),_xlfn.STDEV.S(_xlpm.f)),"")} | L16: 20% BSG_fraction+140ppmE | M16: 2 | N16: =AVERAGEIFS('5_Sensorial'!$N:$N, '5_Sensorial'!$B:$B, L16, '5_Sensorial'!$C:$C, M16) -> 66.6875 | O16: {=_xlfn.STDEV.S(IF(('5_Sensorial'!$B:$B=$L16)*('5_Sensorial'!$C:$C=$M16),'5_Sensorial'!$N:$N)) / AVERAGEIFS('5_Sensorial'!$N:$N,'5_Sensorial'!$B:$B,$L16,'5_Sensorial'!$C:$C,$M16) * 100} -> 19.427625
A17: Gluten | B17: 20% BSG Mixture | C17: {=AVERAGEIFS( _xlfn.SWITCH(A17,"Moisture",'1_RawMaterial'!K:K,"Ash",'1_RawMaterial'!L:L,"Protein",'1_RawMaterial'!N:N,"Gluten",'1_RawMaterial'!P:P,"Fibre",'1_RawMaterial'!Q:Q), '1_RawMaterial'!D:D, A17, '1_RawMaterial'!C:C, B17 )} -> 0.22524056 | D17: {=_xlfn.STDEV.S( _xlfn._xlws.FILTER( _xlfn.SWITCH(A17,"Moisture",'1_RawMaterial'!K:K,"Ash",'1_RawMaterial'!L:L,"Protein",'1_RawMaterial'!N:N,"Gluten",'1_RawMaterial'!P:P,"Fibre",'1_RawMaterial'!Q:Q), ('1_RawMaterial'!D:D=A17)*('1_RawMaterial'!C:C=B17) ) )} -> 0.0070786277 | F17: Ash | G17: A | H17: Flour | I17: {=IFERROR(_xlfn.LET(_xlpm.col,_xlfn.SWITCH($F17,"Moisture",'4_BreadComposition'!$K$2:$K$99,"Ash",'4_BreadComposition'!$M$2:$M$99,"Protein",'4_BreadComposition'!$O$2:$O$99,"Fibre",'4_BreadComposition'!$P$2:$P$99),_xlpm.f,_xlfn._xlws.FILTER(_xlpm.col,(TRIM('4_BreadComposition'!$D$2:$D$99)=TRIM($H17))*('4_BreadComposition'!$E$2:$E$99=$F17)*('4_BreadComposition'!$B$2:$B$99=$G17)*ISNUMBER(_xlpm.col)),AVERAGE(_xlpm.f)),"")} -> 0.0058225257 | J17: {=IFERROR(_xlfn.LET(_xlpm.col,_xlfn.SWITCH($F17,"Moisture",'4_BreadComposition'!$K$2:$K$99,"Ash",'4_BreadComposition'!$M$2:$M$99,"Protein",'4_BreadComposition'!$O$2:$O$99,"Fibre",'4_BreadComposition'!$P$2:$P$99),_xlpm.f,_xlfn._xlws.FILTER(_xlpm.col,(TRIM('4_BreadComposition'!$D$2:$D$99)=TRIM($H17))*('4_BreadComposition'!$E$2:$E$99=$F17)*('4_BreadComposition'!$B$2:$B$99=$G17)*ISNUMBER(_xlpm.col)),_xlfn.STDEV.S(_xlpm.f)),"")} -> 0.00061100932
A18: Fibre | B18: Flour | C18: {=AVERAGEIFS( _xlfn.SWITCH(A18,"Moisture",'1_RawMaterial'!K:K,"Ash",'1_RawMaterial'!L:L,"Protein",'1_RawMaterial'!N:N,"Gluten",'1_RawMaterial'!P:P,"Fibre",'1_RawMaterial'!Q:Q), '1_RawMaterial'!D:D, A18, '1_RawMaterial'!C:C, B18 )} -> 0 | D18: {=_xlfn.STDEV.S( _xlfn._xlws.FILTER( _xlfn.SWITCH(A18,"Moisture",'1_RawMaterial'!K:K,"Ash",'1_RawMaterial'!L:L,"Protein",'1_RawMaterial'!N:N,"Gluten",'1_RawMaterial'!P:P,"Fibre",'1_RawMaterial'!Q:Q), ('1_RawMaterial'!D:D=A18)*('1_RawMaterial'!C:C=B18) ) )} -> 0 | F18: Ash | G18: A | H18: 10% BSG | I18: {=IFERROR(_xlfn.LET(_xlpm.col,_xlfn.SWITCH($F18,"Moisture",'4_BreadComposition'!$K$2:$K$99,"Ash",'4_BreadComposition'!$M$2:$M$99,"Protein",'4_BreadComposition'!$O$2:$O$99,"Fibre",'4_BreadComposition'!$P$2:$P$99),_xlpm.f,_xlfn._xlws.FILTER(_xlpm.col,(TRIM('4_BreadComposition'!$D$2:$D$99)=TRIM($H18))*('4_BreadComposition'!$E$2:$E$99=$F18)*('4_BreadComposition'!$B$2:$B$99=$G18)*ISNUMBER(_xlpm.col)),AVERAGE(_xlpm.f)),"")} -> 0.0088259764 | J18: {=IFERROR(_xlfn.LET(_xlpm.col,_xlfn.SWITCH($F18,"Moisture",'4_BreadComposition'!$K$2:$K$99,"Ash",'4_BreadComposition'!$M$2:$M$99,"Protein",'4_BreadComposition'!$O$2:$O$99,"Fibre",'4_BreadComposition'!$P$2:$P$99),_xlpm.f,_xlfn._xlws.FILTER(_xlpm.col,(TRIM('4_BreadComposition'!$D$2:$D$99)=TRIM($H18))*('4_BreadComposition'!$E$2:$E$99=$F18)*('4_BreadComposition'!$B$2:$B$99=$G18)*ISNUMBER(_xlpm.col)),_xlfn.STDEV.S(_xlpm.f)),"")} -> 0.00030288571
A19: Fibre | B19: BSG | C19: {=AVERAGEIFS( _xlfn.SWITCH(A19,"Moisture",'1_RawMaterial'!K:K,"Ash",'1_RawMaterial'!L:L,"Protein",'1_RawMaterial'!N:N,"Gluten",'1_RawMaterial'!P:P,"Fibre",'1_RawMaterial'!Q:Q), '1_RawMaterial'!D:D, A19, '1_RawMaterial'!C:C, B19 )} -> 0.1802 | D19: {=_xlfn.STDEV.S( _xlfn._xlws.FILTER( _xlfn.SWITCH(A19,"Moisture",'1_RawMaterial'!K:K,"Ash",'1_RawMaterial'!L:L,"Protein",'1_RawMaterial'!N:N,"Gluten",'1_RawMaterial'!P:P,"Fibre",'1_RawMaterial'!Q:Q), ('1_RawMaterial'!D:D=A19)*('1_RawMaterial'!C:C=B19) ) )} -> 0.0033941125 | F19: Ash | G19: A | H19: 20% BSG | I19: {=IFERROR(_xlfn.LET(_xlpm.col,_xlfn.SWITCH($F19,"Moisture",'4_BreadComposition'!$K$2:$K$99,"Ash",'4_BreadComposition'!$M$2:$M$99,"Protein",'4_BreadComposition'!$O$2:$O$99,"Fibre",'4_BreadComposition'!$P$2:$P$99),_xlpm.f,_xlfn._xlws.FILTER(_xlpm.col,(TRIM('4_BreadComposition'!$D$2:$D$99)=TRIM($H19))*('4_BreadComposition'!$E$2:$E$99=$F19)*('4_BreadComposition'!$B$2:$B$99=$G19)*ISNUMBER(_xlpm.col)),AVERAGE(_xlpm.f)),"")} -> 0.010562904 | J19: {=IFERROR(_xlfn.LET(_xlpm.col,_xlfn.SWITCH($F19,"Moisture",'4_BreadComposition'!$K$2:$K$99,"Ash",'4_BreadComposition'!$M$2:$M$99,"Protein",'4_BreadComposition'!$O$2:$O$99,"Fibre",'4_BreadComposition'!$P$2:$P$99),_xlpm.f,_xlfn._xlws.FILTER(_xlpm.col,(TRIM('4_BreadComposition'!$D$2:$D$99)=TRIM($H19))*('4_BreadComposition'!$E$2:$E$99=$F19)*('4_BreadComposition'!$B$2:$B$99=$G19)*ISNUMBER(_xlpm.col)),_xlfn.STDEV.S(_xlpm.f)),"")} -> 0.00052667426
A20: Fibre | B20: 10% BSG Mixture | C20: {=AVERAGEIFS( _xlfn.SWITCH(A20,"Moisture",'1_RawMaterial'!K:K,"Ash",'1_RawMaterial'!L:L,"Protein",'1_RawMaterial'!N:N,"Gluten",'1_RawMaterial'!P:P,"Fibre",'1_RawMaterial'!Q:Q), '1_RawMaterial'!D:D, A20, '1_RawMaterial'!C:C, B20 )} -> 0.01315 | D20: {=_xlfn.STDEV.S( _xlfn._xlws.FILTER( _xlfn.SWITCH(A20,"Moisture",'1_RawMaterial'!K:K,"Ash",'1_RawMaterial'!L:L,"Protein",'1_RawMaterial'!N:N,"Gluten",'1_RawMaterial'!P:P,"Fibre",'1_RawMaterial'!Q:Q), ('1_RawMaterial'!D:D=A20)*('1_RawMaterial'!C:C=B20) ) )} -> 0.0010606602 | F20: Ash | G20: A | H20: 10% BSG+70ppmE | I20: {=IFERROR(_xlfn.LET(_xlpm.col,_xlfn.SWITCH($F20,"Moisture",'4_BreadComposition'!$K$2:$K$99,"Ash",'4_BreadComposition'!$M$2:$M$99,"Protein",'4_BreadComposition'!$O$2:$O$99,"Fibre",'4_BreadComposition'!$P$2:$P$99),_xlpm.f,_xlfn._xlws.FILTER(_xlpm.col,(TRIM('4_BreadComposition'!$D$2:$D$99)=TRIM($H20))*('4_BreadComposition'!$E$2:$E$99=$F20)*('4_BreadComposition'!$B$2:$B$99=$G20)*ISNUMBER(_xlpm.col)),AVERAGE(_xlpm.f)),"")} -> 0.0098364826 | J20: {=IFERROR(_xlfn.LET(_xlpm.col,_xlfn.SWITCH($F20,"Moisture",'4_BreadComposition'!$K$2:$K$99,"Ash",'4_BreadComposition'!$M$2:$M$99,"Protein",'4_BreadComposition'!$O$2:$O$99,"Fibre",'4_BreadComposition'!$P$2:$P$99),_xlpm.f,_xlfn._xlws.FILTER(_xlpm.col,(TRIM('4_BreadComposition'!$D$2:$D$99)=TRIM($H20))*('4_BreadComposition'!$E$2:$E$99=$F20)*('4_BreadComposition'!$B$2:$B$99=$G20)*ISNUMBER(_xlpm.col)),_xlfn.STDEV.S(_xlpm.f)),"")} -> 0.0007473504
A21: Fibre | B21: 20% BSG Mixture | C21: {=AVERAGEIFS( _xlfn.SWITCH(A21,"Moisture",'1_RawMaterial'!K:K,"Ash",'1_RawMaterial'!L:L,"Protein",'1_RawMaterial'!N:N,"Gluten",'1_RawMaterial'!P:P,"Fibre",'1_RawMaterial'!Q:Q), '1_RawMaterial'!D:D, A21, '1_RawMaterial'!C:C, B21 )} -> 0.0314 | D21: {=_xlfn.STDEV.S( _xlfn._xlws.FILTER( _xlfn.SWITCH(A21,"Moisture",'1_RawMaterial'!K:K,"Ash",'1_RawMaterial'!L:L,"Protein",'1_RawMaterial'!N:N,"Gluten",'1_RawMaterial'!P:P,"Fibre",'1_RawMaterial'!Q:Q), ('1_RawMaterial'!D:D=A21)*('1_RawMaterial'!C:C=B21) ) )} -> 0.00042426407 | F21: Ash | G21: A | H21: 20% BSG+70ppmE | I21: {=IFERROR(_xlfn.LET(_xlpm.col,_xlfn.SWITCH($F21,"Moisture",'4_BreadComposition'!$K$2:$K$99,"Ash",'4_BreadComposition'!$M$2:$M$99,"Protein",'4_BreadComposition'!$O$2:$O$99,"Fibre",'4_BreadComposition'!$P$2:$P$99),_xlpm.f,_xlfn._xlws.FILTER(_xlpm.col,(TRIM('4_BreadComposition'!$D$2:$D$99)=TRIM($H21))*('4_BreadComposition'!$E$2:$E$99=$F21)*('4_BreadComposition'!$B$2:$B$99=$G21)*ISNUMBER(_xlpm.col)),AVERAGE(_xlpm.f)),"")} -> 0.014668877 | J21: {=IFERROR(_xlfn.LET(_xlpm.col,_xlfn.SWITCH($F21,"Moisture",'4_BreadComposition'!$K$2:$K$99,"Ash",'4_BreadComposition'!$M$2:$M$99,"Protein",'4_BreadComposition'!$O$2:$O$99,"Fibre",'4_BreadComposition'!$P$2:$P$99),_xlpm.f,_xlfn._xlws.FILTER(_xlpm.col,(TRIM('4_BreadComposition'!$D$2:$D$99)=TRIM($H21))*('4_BreadComposition'!$E$2:$E$99=$F21)*('4_BreadComposition'!$B$2:$B$99=$G21)*ISNUMBER(_xlpm.col)),_xlfn.STDEV.S(_xlpm.f)),"")} -> 0.0012554128
F22: Ash | G22: B | H22: Flour | I22: {=IFERROR(_xlfn.LET(_xlpm.col,_xlfn.SWITCH($F22,"Moisture",'4_BreadComposition'!$K$2:$K$99,"Ash",'4_BreadComposition'!$M$2:$M$99,"Protein",'4_BreadComposition'!$O$2:$O$99,"Fibre",'4_BreadComposition'!$P$2:$P$99),_xlpm.f,_xlfn._xlws.FILTER(_xlpm.col,(TRIM('4_BreadComposition'!$D$2:$D$99)=TRIM($H22))*('4_BreadComposition'!$E$2:$E$99=$F22)*('4_BreadComposition'!$B$2:$B$99=$G22)*ISNUMBER(_xlpm.col)),AVERAGE(_xlpm.f)),"")} -> 0.0087 | J22: {=IFERROR(_xlfn.LET(_xlpm.col,_xlfn.SWITCH($F22,"Moisture",'4_BreadComposition'!$K$2:$K$99,"Ash",'4_BreadComposition'!$M$2:$M$99,"Protein",'4_BreadComposition'!$O$2:$O$99,"Fibre",'4_BreadComposition'!$P$2:$P$99),_xlpm.f,_xlfn._xlws.FILTER(_xlpm.col,(TRIM('4_BreadComposition'!$D$2:$D$99)=TRIM($H22))*('4_BreadComposition'!$E$2:$E$99=$F22)*('4_BreadComposition'!$B$2:$B$99=$G22)*ISNUMBER(_xlpm.col)),_xlfn.STDEV.S(_xlpm.f)),"")} -> 0.00056568542
F23: Ash | G23: B | H23: 10% BSG+70ppmE | I23: {=IFERROR(_xlfn.LET(_xlpm.col,_xlfn.SWITCH($F23,"Moisture",'4_BreadComposition'!$K$2:$K$99,"Ash",'4_BreadComposition'!$M$2:$M$99,"Protein",'4_BreadComposition'!$O$2:$O$99,"Fibre",'4_BreadComposition'!$P$2:$P$99),_xlpm.f,_xlfn._xlws.FILTER(_xlpm.col,(TRIM('4_BreadComposition'!$D$2:$D$99)=TRIM($H23))*('4_BreadComposition'!$E$2:$E$99=$F23)*('4_BreadComposition'!$B$2:$B$99=$G23)*ISNUMBER(_xlpm.col)),AVERAGE(_xlpm.f)),"")} -> 0.01265 | J23: {=IFERROR(_xlfn.LET(_xlpm.col,_xlfn.SWITCH($F23,"Moisture",'4_BreadComposition'!$K$2:$K$99,"Ash",'4_BreadComposition'!$M$2:$M$99,"Protein",'4_BreadComposition'!$O$2:$O$99,"Fibre",'4_BreadComposition'!$P$2:$P$99),_xlpm.f,_xlfn._xlws.FILTER(_xlpm.col,(TRIM('4_BreadComposition'!$D$2:$D$99)=TRIM($H23))*('4_BreadComposition'!$E$2:$E$99=$F23)*('4_BreadComposition'!$B$2:$B$99=$G23)*ISNUMBER(_xlpm.col)),_xlfn.STDEV.S(_xlpm.f)),"")} -> 0.0013435029
F24: Ash | G24: B | H24: 20% BSG+70ppmE | I24: {=IFERROR(_xlfn.LET(_xlpm.col,_xlfn.SWITCH($F24,"Moisture",'4_BreadComposition'!$K$2:$K$99,"Ash",'4_BreadComposition'!$M$2:$M$99,"Protein",'4_BreadComposition'!$O$2:$O$99,"Fibre",'4_BreadComposition'!$P$2:$P$99),_xlpm.f,_xlfn._xlws.FILTER(_xlpm.col,(TRIM('4_BreadComposition'!$D$2:$D$99)=TRIM($H24))*('4_BreadComposition'!$E$2:$E$99=$F24)*('4_BreadComposition'!$B$2:$B$99=$G24)*ISNUMBER(_xlpm.col)),AVERAGE(_xlpm.f)),"")} -> 0.01575 | J24: {=IFERROR(_xlfn.LET(_xlpm.col,_xlfn.SWITCH($F24,"Moisture",'4_BreadComposition'!$K$2:$K$99,"Ash",'4_BreadComposition'!$M$2:$M$99,"Protein",'4_BreadComposition'!$O$2:$O$99,"Fibre",'4_BreadComposition'!$P$2:$P$99),_xlpm.f,_xlfn._xlws.FILTER(_xlpm.col,(TRIM('4_BreadComposition'!$D$2:$D$99)=TRIM($H24))*('4_BreadComposition'!$E$2:$E$99=$F24)*('4_BreadComposition'!$B$2:$B$99=$G24)*ISNUMBER(_xlpm.col)),_xlfn.STDEV.S(_xlpm.f)),"")} -> 0.00035355339
F25: Ash | G25: B | H25: 10% BSG_fraction+70ppmE | I25: {=IFERROR(_xlfn.LET(_xlpm.col,_xlfn.SWITCH($F25,"Moisture",'4_BreadComposition'!$K$2:$K$99,"Ash",'4_BreadComposition'!$M$2:$M$99,"Protein",'4_BreadComposition'!$O$2:$O$99,"Fibre",'4_BreadComposition'!$P$2:$P$99),_xlpm.f,_xlfn._xlws.FILTER(_xlpm.col,(TRIM('4_BreadComposition'!$D$2:$D$99)=TRIM($H25))*('4_BreadComposition'!$E$2:$E$99=$F25)*('4_BreadComposition'!$B$2:$B$99=$G25)*ISNUMBER(_xlpm.col)),AVERAGE(_xlpm.f)),"")} -> 0.01125 | J25: {=IFERROR(_xlfn.LET(_xlpm.col,_xlfn.SWITCH($F25,"Moisture",'4_BreadComposition'!$K$2:$K$99,"Ash",'4_BreadComposition'!$M$2:$M$99,"Protein",'4_BreadComposition'!$O$2:$O$99,"Fibre",'4_BreadComposition'!$P$2:$P$99),_xlpm.f,_xlfn._xlws.FILTER(_xlpm.col,(TRIM('4_BreadComposition'!$D$2:$D$99)=TRIM($H25))*('4_BreadComposition'!$E$2:$E$99=$F25)*('4_BreadComposition'!$B$2:$B$99=$G25)*ISNUMBER(_xlpm.col)),_xlfn.STDEV.S(_xlpm.f)),"")} -> 0.0016263456
F26: Ash | G26: B | H26: 20% BSG_fraction+70ppmE | I26: {=IFERROR(_xlfn.LET(_xlpm.col,_xlfn.SWITCH($F26,"Moisture",'4_BreadComposition'!$K$2:$K$99,"Ash",'4_BreadComposition'!$M$2:$M$99,"Protein",'4_BreadComposition'!$O$2:$O$99,"Fibre",'4_BreadComposition'!$P$2:$P$99),_xlpm.f,_xlfn._xlws.FILTER(_xlpm.col,(TRIM('4_BreadComposition'!$D$2:$D$99)=TRIM($H26))*('4_BreadComposition'!$E$2:$E$99=$F26)*('4_BreadComposition'!$B$2:$B$99=$G26)*ISNUMBER(_xlpm.col)),AVERAGE(_xlpm.f)),"")} -> 0.01515 | J26: {=IFERROR(_xlfn.LET(_xlpm.col,_xlfn.SWITCH($F26,"Moisture",'4_BreadComposition'!$K$2:$K$99,"Ash",'4_BreadComposition'!$M$2:$M$99,"Protein",'4_BreadComposition'!$O$2:$O$99,"Fibre",'4_BreadComposition'!$P$2:$P$99),_xlpm.f,_xlfn._xlws.FILTER(_xlpm.col,(TRIM('4_BreadComposition'!$D$2:$D$99)=TRIM($H26))*('4_BreadComposition'!$E$2:$E$99=$F26)*('4_BreadComposition'!$B$2:$B$99=$G26)*ISNUMBER(_xlpm.col)),_xlfn.STDEV.S(_xlpm.f)),"")} -> 0.0012020815
F27: Ash | G27: B | H27: 10% BSG+140ppmE | I27: {=IFERROR(_xlfn.LET(_xlpm.col,_xlfn.SWITCH($F27,"Moisture",'4_BreadComposition'!$K$2:$K$99,"Ash",'4_BreadComposition'!$M$2:$M$99,"Protein",'4_BreadComposition'!$O$2:$O$99,"Fibre",'4_BreadComposition'!$P$2:$P$99),_xlpm.f,_xlfn._xlws.FILTER(_xlpm.col,(TRIM('4_BreadComposition'!$D$2:$D$99)=TRIM($H27))*('4_BreadComposition'!$E$2:$E$99=$F27)*('4_BreadComposition'!$B$2:$B$99=$G27)*ISNUMBER(_xlpm.col)),AVERAGE(_xlpm.f)),"")} -> 0.01445 | J27: {=IFERROR(_xlfn.LET(_xlpm.col,_xlfn.SWITCH($F27,"Moisture",'4_BreadComposition'!$K$2:$K$99,"Ash",'4_BreadComposition'!$M$2:$M$99,"Protein",'4_BreadComposition'!$O$2:$O$99,"Fibre",'4_BreadComposition'!$P$2:$P$99),_xlpm.f,_xlfn._xlws.FILTER(_xlpm.col,(TRIM('4_BreadComposition'!$D$2:$D$99)=TRIM($H27))*('4_BreadComposition'!$E$2:$E$99=$F27)*('4_BreadComposition'!$B$2:$B$99=$G27)*ISNUMBER(_xlpm.col)),_xlfn.STDEV.S(_xlpm.f)),"")} -> 0.00035355339
F28: Ash | G28: B | H28: 20% BSG+140ppmE | I28: {=IFERROR(_xlfn.LET(_xlpm.col,_xlfn.SWITCH($F28,"Moisture",'4_BreadComposition'!$K$2:$K$99,"Ash",'4_BreadComposition'!$M$2:$M$99,"Protein",'4_BreadComposition'!$O$2:$O$99,"Fibre",'4_BreadComposition'!$P$2:$P$99),_xlpm.f,_xlfn._xlws.FILTER(_xlpm.col,(TRIM('4_BreadComposition'!$D$2:$D$99)=TRIM($H28))*('4_BreadComposition'!$E$2:$E$99=$F28)*('4_BreadComposition'!$B$2:$B$99=$G28)*ISNUMBER(_xlpm.col)),AVERAGE(_xlpm.f)),"")} -> 0.01865 | J28: {=IFERROR(_xlfn.LET(_xlpm.col,_xlfn.SWITCH($F28,"Moisture",'4_BreadComposition'!$K$2:$K$99,"Ash",'4_BreadComposition'!$M$2:$M$99,"Protein",'4_BreadComposition'!$O$2:$O$99,"Fibre",'4_BreadComposition'!$P$2:$P$99),_xlpm.f,_xlfn._xlws.FILTER(_xlpm.col,(TRIM('4_BreadComposition'!$D$2:$D$99)=TRIM($H28))*('4_BreadComposition'!$E$2:$E$99=$F28)*('4_BreadComposition'!$B$2:$B$99=$G28)*ISNUMBER(_xlpm.col)),_xlfn.STDEV.S(_xlpm.f)),"")} -> 0.0027577164
F29: Ash | G29: B | H29: 10% BSG_fraction+140ppmE | I29: {=IFERROR(_xlfn.LET(_xlpm.col,_xlfn.SWITCH($F29,"Moisture",'4_BreadComposition'!$K$2:$K$99,"Ash",'4_BreadComposition'!$M$2:$M$99,"Protein",'4_BreadComposition'!$O$2:$O$99,"Fibre",'4_BreadComposition'!$P$2:$P$99),_xlpm.f,_xlfn._xlws.FILTER(_xlpm.col,(TRIM('4_BreadComposition'!$D$2:$D$99)=TRIM($H29))*('4_BreadComposition'!$E$2:$E$99=$F29)*('4_BreadComposition'!$B$2:$B$99=$G29)*ISNUMBER(_xlpm.col)),AVERAGE(_xlpm.f)),"")} -> 0.01335 | J29: {=IFERROR(_xlfn.LET(_xlpm.col,_xlfn.SWITCH($F29,"Moisture",'4_BreadComposition'!$K$2:$K$99,"Ash",'4_BreadComposition'!$M$2:$M$99,"Protein",'4_BreadComposition'!$O$2:$O$99,"Fibre",'4_BreadComposition'!$P$2:$P$99),_xlpm.f,_xlfn._xlws.FILTER(_xlpm.col,(TRIM('4_BreadComposition'!$D$2:$D$99)=TRIM($H29))*('4_BreadComposition'!$E$2:$E$99=$F29)*('4_BreadComposition'!$B$2:$B$99=$G29)*ISNUMBER(_xlpm.col)),_xlfn.STDEV.S(_xlpm.f)),"")} -> 0.0030405592
F30: Ash | G30: B | H30: 20% BSG_fraction+140ppmE | I30: {=IFERROR(_xlfn.LET(_xlpm.col,_xlfn.SWITCH($F30,"Moisture",'4_BreadComposition'!$K$2:$K$99,"Ash",'4_BreadComposition'!$M$2:$M$99,"Protein",'4_BreadComposition'!$O$2:$O$99,"Fibre",'4_BreadComposition'!$P$2:$P$99),_xlpm.f,_xlfn._xlws.FILTER(_xlpm.col,(TRIM('4_BreadComposition'!$D$2:$D$99)=TRIM($H30))*('4_BreadComposition'!$E$2:$E$99=$F30)*('4_BreadComposition'!$B$2:$B$99=$G30)*ISNUMBER(_xlpm.col)),AVERAGE(_xlpm.f)),"")} -> 0.01525 | J30: {=IFERROR(_xlfn.LET(_xlpm.col,_xlfn.SWITCH($F30,"Moisture",'4_BreadComposition'!$K$2:$K$99,"Ash",'4_BreadComposition'!$M$2:$M$99,"Protein",'4_BreadComposition'!$O$2:$O$99,"Fibre",'4_BreadComposition'!$P$2:$P$99),_xlpm.f,_xlfn._xlws.FILTER(_xlpm.col,(TRIM('4_BreadComposition'!$D$2:$D$99)=TRIM($H30))*('4_BreadComposition'!$E$2:$E$99=$F30)*('4_BreadComposition'!$B$2:$B$99=$G30)*ISNUMBER(_xlpm.col)),_xlfn.STDEV.S(_xlpm.f)),"")} -> 0.0024748737
F31: Protein | G31: A | H31: Flour | I31: {=IFERROR(_xlfn.LET(_xlpm.col,_xlfn.SWITCH($F31,"Moisture",'4_BreadComposition'!$K$2:$K$99,"Ash",'4_BreadComposition'!$M$2:$M$99,"Protein",'4_BreadComposition'!$O$2:$O$99,"Fibre",'4_BreadComposition'!$P$2:$P$99),_xlpm.f,_xlfn._xlws.FILTER(_xlpm.col,(TRIM('4_BreadComposition'!$D$2:$D$99)=TRIM($H31))*('4_BreadComposition'!$E$2:$E$99=$F31)*('4_BreadComposition'!$B$2:$B$99=$G31)*ISNUMBER(_xlpm.col)),AVERAGE(_xlpm.f)),"")} -> 0.1208 | J31: {=IFERROR(_xlfn.LET(_xlpm.col,_xlfn.SWITCH($F31,"Moisture",'4_BreadComposition'!$K$2:$K$99,"Ash",'4_BreadComposition'!$M$2:$M$99,"Protein",'4_BreadComposition'!$O$2:$O$99,"Fibre",'4_BreadComposition'!$P$2:$P$99),_xlpm.f,_xlfn._xlws.FILTER(_xlpm.col,(TRIM('4_BreadComposition'!$D$2:$D$99)=TRIM($H31))*('4_BreadComposition'!$E$2:$E$99=$F31)*('4_BreadComposition'!$B$2:$B$99=$G31)*ISNUMBER(_xlpm.col)),_xlfn.STDEV.S(_xlpm.f)),"")} -> 0.00056568542
F32: Protein | G32: A | H32: 10% BSG | I32: {=IFERROR(_xlfn.LET(_xlpm.col,_xlfn.SWITCH($F32,"Moisture",'4_BreadComposition'!$K$2:$K$99,"Ash",'4_BreadComposition'!$M$2:$M$99,"Protein",'4_BreadComposition'!$O$2:$O$99,"Fibre",'4_BreadComposition'!$P$2:$P$99),_xlpm.f,_xlfn._xlws.FILTER(_xlpm.col,(TRIM('4_BreadComposition'!$D$2:$D$99)=TRIM($H32))*('4_BreadComposition'!$E$2:$E$99=$F32)*('4_BreadComposition'!$B$2:$B$99=$G32)*ISNUMBER(_xlpm.col)),AVERAGE(_xlpm.f)),"")} -> 0.13395 | J32: {=IFERROR(_xlfn.LET(_xlpm.col,_xlfn.SWITCH($F32,"Moisture",'4_BreadComposition'!$K$2:$K$99,"Ash",'4_BreadComposition'!$M$2:$M$99,"Protein",'4_BreadComposition'!$O$2:$O$99,"Fibre",'4_BreadComposition'!$P$2:$P$99),_xlpm.f,_xlfn._xlws.FILTER(_xlpm.col,(TRIM('4_BreadComposition'!$D$2:$D$99)=TRIM($H32))*('4_BreadComposition'!$E$2:$E$99=$F32)*('4_BreadComposition'!$B$2:$B$99=$G32)*ISNUMBER(_xlpm.col)),_xlfn.STDEV.S(_xlpm.f)),"")} -> 0.0054447222
F33: Protein | G33: A | H33: 20% BSG | I33: {=IFERROR(_xlfn.LET(_xlpm.col,_xlfn.SWITCH($F33,"Moisture",'4_BreadComposition'!$K$2:$K$99,"Ash",'4_BreadComposition'!$M$2:$M$99,"Protein",'4_BreadComposition'!$O$2:$O$99,"Fibre",'4_BreadComposition'!$P$2:$P$99),_xlpm.f,_xlfn._xlws.FILTER(_xlpm.col,(TRIM('4_BreadComposition'!$D$2:$D$99)=TRIM($H33))*('4_BreadComposition'!$E$2:$E$99=$F33)*('4_BreadComposition'!$B$2:$B$99=$G33)*ISNUMBER(_xlpm.col)),AVERAGE(_xlpm.f)),"")} -> 0.1373 | J33: {=IFERROR(_xlfn.LET(_xlpm.col,_xlfn.SWITCH($F33,"Moisture",'4_BreadComposition'!$K$2:$K$99,"Ash",'4_BreadComposition'!$M$2:$M$99,"Protein",'4_BreadComposition'!$O$2:$O$99,"Fibre",'4_BreadComposition'!$P$2:$P$99),_xlpm.f,_xlfn._xlws.FILTER(_xlpm.col,(TRIM('4_BreadComposition'!$D$2:$D$99)=TRIM($H33))*('4_BreadComposition'!$E$2:$E$99=$F33)*('4_BreadComposition'!$B$2:$B$99=$G33)*ISNUMBER(_xlpm.col)),_xlfn.STDEV.S(_xlpm.f)),"")} -> 0.0016970563
... F58: Fibre | G58: B | H58: 20% BSG_fraction+140ppmE | I58: {=IFERROR(_xlfn.LET(_xlpm.col,_xlfn.SWITCH($F58,"Moisture",'4_BreadComposition'!$K$2:$K$99,"Ash",'4_BreadComposition'!$M$2:$M$99,"Protein",'4_BreadComposition'!$O$2:$O$99,"Fibre",'4_BreadComposition'!$P$2:$P$99),_xlpm.f,_xlfn._xlws.FILTER(_xlpm.col,(TRIM('4_BreadComposition'!$D$2:$D$99)=TRIM($H58))*('4_BreadComposition'!$E$2:$E$99=$F58)*('4_BreadComposition'!$B$2:$B$99=$G58)*ISNUMBER(_xlpm.col)),AVERAGE(_xlpm.f)),"")} -> 0.0014 | J58: {=IFERROR(_xlfn.LET(_xlpm.col,_xlfn.SWITCH($F58,"Moisture",'4_BreadComposition'!$K$2:$K$99,"Ash",'4_BreadComposition'!$M$2:$M$99,"Protein",'4_BreadComposition'!$O$2:$O$99,"Fibre",'4_BreadComposition'!$P$2:$P$99),_xlpm.f,_xlfn._xlws.FILTER(_xlpm.col,(TRIM('4_BreadComposition'!$D$2:$D$99)=TRIM($H58))*('4_BreadComposition'!$E$2:$E$99=$F58)*('4_BreadComposition'!$B$2:$B$99=$G58)*ISNUMBER(_xlpm.col)),_xlfn.STDEV.S(_xlpm.f)),"")} -> 0.001979899
F59: Volume | G59: A | H59: Flour | I59: {=IFERROR(_xlfn.LET(_xlpm.col,_xlfn.SWITCH($F59,"Volume",'3_BreadFormulation&measurements'!$M$3:$M$20,"H/W ratio",'3_BreadFormulation&measurements'!$N$3:$N$20),_xlpm.f,_xlfn._xlws.FILTER(_xlpm.col,(SUBSTITUTE(TRIM('3_BreadFormulation&measurements'!$C$3:$C$20)," ","_")=SUBSTITUTE(TRIM($H59)," ","_"))*('3_BreadFormulation&measurements'!$A$3:$A$20=$G59)*ISNUMBER(_xlpm.col)),AVERAGE(_xlpm.f)),"")} -> 925 | J59: {=IFERROR(_xlfn.LET(_xlpm.col,_xlfn.SWITCH($F59,"Volume",'3_BreadFormulation&measurements'!$M$3:$M$20,"H/W ratio",'3_BreadFormulation&measurements'!$N$3:$N$20),_xlpm.f,_xlfn._xlws.FILTER(_xlpm.col,(SUBSTITUTE(TRIM('3_BreadFormulation&measurements'!$C$3:$C$20)," ","_")=SUBSTITUTE(TRIM($H59)," ","_"))*('3_BreadFormulation&measurements'!$A$3:$A$20=$G59)*ISNUMBER(_xlpm.col)),_xlfn.STDEV.S(_xlpm.f)),"")}
F60: Volume | G60: A | H60: 10% BSG | I60: {=IFERROR(_xlfn.LET(_xlpm.col,_xlfn.SWITCH($F60,"Volume",'3_BreadFormulation&measurements'!$M$3:$M$20,"H/W ratio",'3_BreadFormulation&measurements'!$N$3:$N$20),_xlpm.f,_xlfn._xlws.FILTER(_xlpm.col,(SUBSTITUTE(TRIM('3_BreadFormulation&measurements'!$C$3:$C$20)," ","_")=SUBSTITUTE(TRIM($H60)," ","_"))*('3_BreadFormulation&measurements'!$A$3:$A$20=$G60)*ISNUMBER(_xlpm.col)),AVERAGE(_xlpm.f)),"")} -> 775 | J60: {=IFERROR(_xlfn.LET(_xlpm.col,_xlfn.SWITCH($F60,"Volume",'3_BreadFormulation&measurements'!$M$3:$M$20,"H/W ratio",'3_BreadFormulation&measurements'!$N$3:$N$20),_xlpm.f,_xlfn._xlws.FILTER(_xlpm.col,(SUBSTITUTE(TRIM('3_BreadFormulation&measurements'!$C$3:$C$20)," ","_")=SUBSTITUTE(TRIM($H60)," ","_"))*('3_BreadFormulation&measurements'!$A$3:$A$20=$G60)*ISNUMBER(_xlpm.col)),_xlfn.STDEV.S(_xlpm.f)),"")}
F61: Volume | G61: A | H61: 20% BSG | I61: {=IFERROR(_xlfn.LET(_xlpm.col,_xlfn.SWITCH($F61,"Volume",'3_BreadFormulation&measurements'!$M$3:$M$20,"H/W ratio",'3_BreadFormulation&measurements'!$N$3:$N$20),_xlpm.f,_xlfn._xlws.FILTER(_xlpm.col,(SUBSTITUTE(TRIM('3_BreadFormulation&measurements'!$C$3:$C$20)," ","_")=SUBSTITUTE(TRIM($H61)," ","_"))*('3_BreadFormulation&measurements'!$A$3:$A$20=$G61)*ISNUMBER(_xlpm.col)),AVERAGE(_xlpm.f)),"")} -> 680 | J61: {=IFERROR(_xlfn.LET(_xlpm.col,_xlfn.SWITCH($F61,"Volume",'3_BreadFormulation&measurements'!$M$3:$M$20,"H/W ratio",'3_BreadFormulation&measurements'!$N$3:$N$20),_xlpm.f,_xlfn._xlws.FILTER(_xlpm.col,(SUBSTITUTE(TRIM('3_BreadFormulation&measurements'!$C$3:$C$20)," ","_")=SUBSTITUTE(TRIM($H61)," ","_"))*('3_BreadFormulation&measurements'!$A$3:$A$20=$G61)*ISNUMBER(_xlpm.col)),_xlfn.STDEV.S(_xlpm.f)),"")}
F62: Volume | G62: A | H62: 10% BSG+70ppmE | I62: {=IFERROR(_xlfn.LET(_xlpm.col,_xlfn.SWITCH($F62,"Volume",'3_BreadFormulation&measurements'!$M$3:$M$20,"H/W ratio",'3_BreadFormulation&measurements'!$N$3:$N$20),_xlpm.f,_xlfn._xlws.FILTER(_xlpm.col,(SUBSTITUTE(TRIM('3_BreadFormulation&measurements'!$C$3:$C$20)," ","_")=SUBSTITUTE(TRIM($H62)," ","_"))*('3_BreadFormulation&measurements'!$A$3:$A$20=$G62)*ISNUMBER(_xlpm.col)),AVERAGE(_xlpm.f)),"")} -> 825 | J62: {=IFERROR(_xlfn.LET(_xlpm.col,_xlfn.SWITCH($F62,"Volume",'3_BreadFormulation&measurements'!$M$3:$M$20,"H/W ratio",'3_BreadFormulation&measurements'!$N$3:$N$20),_xlpm.f,_xlfn._xlws.FILTER(_xlpm.col,(SUBSTITUTE(TRIM('3_BreadFormulation&measurements'!$C$3:$C$20)," ","_")=SUBSTITUTE(TRIM($H62)," ","_"))*('3_BreadFormulation&measurements'!$A$3:$A$20=$G62)*ISNUMBER(_xlpm.col)),_xlfn.STDEV.S(_xlpm.f)),"")}
F63: Volume | G63: A | H63: 20% BSG+70ppmE | I63: {=IFERROR(_xlfn.LET(_xlpm.col,_xlfn.SWITCH($F63,"Volume",'3_BreadFormulation&measurements'!$M$3:$M$20,"H/W ratio",'3_BreadFormulation&measurements'!$N$3:$N$20),_xlpm.f,_xlfn._xlws.FILTER(_xlpm.col,(SUBSTITUTE(TRIM('3_BreadFormulation&measurements'!$C$3:$C$20)," ","_")=SUBSTITUTE(TRIM($H63)," ","_"))*('3_BreadFormulation&measurements'!$A$3:$A$20=$G63)*ISNUMBER(_xlpm.col)),AVERAGE(_xlpm.f)),"")} -> 725 | J63: {=IFERROR(_xlfn.LET(_xlpm.col,_xlfn.SWITCH($F63,"Volume",'3_BreadFormulation&measurements'!$M$3:$M$20,"H/W ratio",'3_BreadFormulation&measurements'!$N$3:$N$20),_xlpm.f,_xlfn._xlws.FILTER(_xlpm.col,(SUBSTITUTE(TRIM('3_BreadFormulation&measurements'!$C$3:$C$20)," ","_")=SUBSTITUTE(TRIM($H63)," ","_"))*('3_BreadFormulation&measurements'!$A$3:$A$20=$G63)*ISNUMBER(_xlpm.col)),_xlfn.STDEV.S(_xlpm.f)),"")}
F64: Volume | G64: B | H64: Flour | I64: {=IFERROR(_xlfn.LET(_xlpm.col,_xlfn.SWITCH($F64,"Volume",'3_BreadFormulation&measurements'!$M$3:$M$20,"H/W ratio",'3_BreadFormulation&measurements'!$N$3:$N$20),_xlpm.f,_xlfn._xlws.FILTER(_xlpm.col,(SUBSTITUTE(TRIM('3_BreadFormulation&measurements'!$C$3:$C$20)," ","_")=SUBSTITUTE(TRIM($H64)," ","_"))*('3_BreadFormulation&measurements'!$A$3:$A$20=$G64)*ISNUMBER(_xlpm.col)),AVERAGE(_xlpm.f)),"")} -> 975 | J64: {=IFERROR(_xlfn.LET(_xlpm.col,_xlfn.SWITCH($F64,"Volume",'3_BreadFormulation&measurements'!$M$3:$M$20,"H/W ratio",'3_BreadFormulation&measurements'!$N$3:$N$20),_xlpm.f,_xlfn._xlws.FILTER(_xlpm.col,(SUBSTITUTE(TRIM('3_BreadFormulation&measurements'!$C$3:$C$20)," ","_")=SUBSTITUTE(TRIM($H64)," ","_"))*('3_BreadFormulation&measurements'!$A$3:$A$20=$G64)*ISNUMBER(_xlpm.col)),_xlfn.STDEV.S(_xlpm.f)),"")}
F65: Volume | G65: B | H65: 10% BSG+70ppmE | I65: {=IFERROR(_xlfn.LET(_xlpm.col,_xlfn.SWITCH($F65,"Volume",'3_BreadFormulation&measurements'!$M$3:$M$20,"H/W ratio",'3_BreadFormulation&measurements'!$N$3:$N$20),_xlpm.f,_xlfn._xlws.FILTER(_xlpm.col,(SUBSTITUTE(TRIM('3_BreadFormulation&measurements'!$C$3:$C$20)," ","_")=SUBSTITUTE(TRIM($H65)," ","_"))*('3_BreadFormulation&measurements'!$A$3:$A$20=$G65)*ISNUMBER(_xlpm.col)),AVERAGE(_xlpm.f)),"")} -> 975 | J65: {=IFERROR(_xlfn.LET(_xlpm.col,_xlfn.SWITCH($F65,"Volume",'3_BreadFormulation&measurements'!$M$3:$M$20,"H/W ratio",'3_BreadFormulation&measurements'!$N$3:$N$20),_xlpm.f,_xlfn._xlws.FILTER(_xlpm.col,(SUBSTITUTE(TRIM('3_BreadFormulation&measurements'!$C$3:$C$20)," ","_")=SUBSTITUTE(TRIM($H65)," ","_"))*('3_BreadFormulation&measurements'!$A$3:$A$20=$G65)*ISNUMBER(_xlpm.col)),_xlfn.STDEV.S(_xlpm.f)),"")}
F66: Volume | G66: B | H66: 20% BSG+70ppmE | I66: {=IFERROR(_xlfn.LET(_xlpm.col,_xlfn.SWITCH($F66,"Volume",'3_BreadFormulation&measurements'!$M$3:$M$20,"H/W ratio",'3_BreadFormulation&measurements'!$N$3:$N$20),_xlpm.f,_xlfn._xlws.FILTER(_xlpm.col,(SUBSTITUTE(TRIM('3_BreadFormulation&measurements'!$C$3:$C$20)," ","_")=SUBSTITUTE(TRIM($H66)," ","_"))*('3_BreadFormulation&measurements'!$A$3:$A$20=$G66)*ISNUMBER(_xlpm.col)),AVERAGE(_xlpm.f)),"")} -> 750 | J66: {=IFERROR(_xlfn.LET(_xlpm.col,_xlfn.SWITCH($F66,"Volume",'3_BreadFormulation&measurements'!$M$3:$M$20,"H/W ratio",'3_BreadFormulation&measurements'!$N$3:$N$20),_xlpm.f,_xlfn._xlws.FILTER(_xlpm.col,(SUBSTITUTE(TRIM('3_BreadFormulation&measurements'!$C$3:$C$20)," ","_")=SUBSTITUTE(TRIM($H66)," ","_"))*('3_BreadFormulation&measurements'!$A$3:$A$20=$G66)*ISNUMBER(_xlpm.col)),_xlfn.STDEV.S(_xlpm.f)),"")}
F67: Volume | G67: B | H67: 10% BSG_fraction+70ppmE | I67: {=IFERROR(_xlfn.LET(_xlpm.col,_xlfn.SWITCH($F67,"Volume",'3_BreadFormulation&measurements'!$M$3:$M$20,"H/W ratio",'3_BreadFormulation&measurements'!$N$3:$N$20),_xlpm.f,_xlfn._xlws.FILTER(_xlpm.col,(SUBSTITUTE(TRIM('3_BreadFormulation&measurements'!$C$3:$C$20)," ","_")=SUBSTITUTE(TRIM($H67)," ","_"))*('3_BreadFormulation&measurements'!$A$3:$A$20=$G67)*ISNUMBER(_xlpm.col)),AVERAGE(_xlpm.f)),"")} -> 925 | J67: {=IFERROR(_xlfn.LET(_xlpm.col,_xlfn.SWITCH($F67,"Volume",'3_BreadFormulation&measurements'!$M$3:$M$20,"H/W ratio",'3_BreadFormulation&measurements'!$N$3:$N$20),_xlpm.f,_xlfn._xlws.FILTER(_xlpm.col,(SUBSTITUTE(TRIM('3_BreadFormulation&measurements'!$C$3:$C$20)," ","_")=SUBSTITUTE(TRIM($H67)," ","_"))*('3_BreadFormulation&measurements'!$A$3:$A$20=$G67)*ISNUMBER(_xlpm.col)),_xlfn.STDEV.S(_xlpm.f)),"")}
F68: Volume | G68: B | H68: 20% BSG_fraction+70ppmE | I68: {=IFERROR(_xlfn.LET(_xlpm.col,_xlfn.SWITCH($F68,"Volume",'3_BreadFormulation&measurements'!$M$3:$M$20,"H/W ratio",'3_BreadFormulation&measurements'!$N$3:$N$20),_xlpm.f,_xlfn._xlws.FILTER(_xlpm.col,(SUBSTITUTE(TRIM('3_BreadFormulation&measurements'!$C$3:$C$20)," ","_")=SUBSTITUTE(TRIM($H68)," ","_"))*('3_BreadFormulation&measurements'!$A$3:$A$20=$G68)*ISNUMBER(_xlpm.col)),AVERAGE(_xlpm.f)),"")} -> 600 | J68: {=IFERROR(_xlfn.LET(_xlpm.col,_xlfn.SWITCH($F68,"Volume",'3_BreadFormulation&measurements'!$M$3:$M$20,"H/W ratio",'3_BreadFormulation&measurements'!$N$3:$N$20),_xlpm.f,_xlfn._xlws.FILTER(_xlpm.col,(SUBSTITUTE(TRIM('3_BreadFormulation&measurements'!$C$3:$C$20)," ","_")=SUBSTITUTE(TRIM($H68)," ","_"))*('3_BreadFormulation&measurements'!$A$3:$A$20=$G68)*ISNUMBER(_xlpm.col)),_xlfn.STDEV.S(_xlpm.f)),"")}
F69: Volume | G69: B | H69: 10% BSG+140ppmE | I69: {=IFERROR(_xlfn.LET(_xlpm.col,_xlfn.SWITCH($F69,"Volume",'3_BreadFormulation&measurements'!$M$3:$M$20,"H/W ratio",'3_BreadFormulation&measurements'!$N$3:$N$20),_xlpm.f,_xlfn._xlws.FILTER(_xlpm.col,(SUBSTITUTE(TRIM('3_BreadFormulation&measurements'!$C$3:$C$20)," ","_")=SUBSTITUTE(TRIM($H69)," ","_"))*('3_BreadFormulation&measurements'!$A$3:$A$20=$G69)*ISNUMBER(_xlpm.col)),AVERAGE(_xlpm.f)),"")} -> 1050 | J69: {=IFERROR(_xlfn.LET(_xlpm.col,_xlfn.SWITCH($F69,"Volume",'3_BreadFormulation&measurements'!$M$3:$M$20,"H/W ratio",'3_BreadFormulation&measurements'!$N$3:$N$20),_xlpm.f,_xlfn._xlws.FILTER(_xlpm.col,(SUBSTITUTE(TRIM('3_BreadFormulation&measurements'!$C$3:$C$20)," ","_")=SUBSTITUTE(TRIM($H69)," ","_"))*('3_BreadFormulation&measurements'!$A$3:$A$20=$G69)*ISNUMBER(_xlpm.col)),_xlfn.STDEV.S(_xlpm.f)),"")}
F70: Volume | G70: B | H70: 20% BSG+140ppmE | I70: {=IFERROR(_xlfn.LET(_xlpm.col,_xlfn.SWITCH($F70,"Volume",'3_BreadFormulation&measurements'!$M$3:$M$20,"H/W ratio",'3_BreadFormulation&measurements'!$N$3:$N$20),_xlpm.f,_xlfn._xlws.FILTER(_xlpm.col,(SUBSTITUTE(TRIM('3_BreadFormulation&measurements'!$C$3:$C$20)," ","_")=SUBSTITUTE(TRIM($H70)," ","_"))*('3_BreadFormulation&measurements'!$A$3:$A$20=$G70)*ISNUMBER(_xlpm.col)),AVERAGE(_xlpm.f)),"")} -> 850 | J70: {=IFERROR(_xlfn.LET(_xlpm.col,_xlfn.SWITCH($F70,"Volume",'3_BreadFormulation&measurements'!$M$3:$M$20,"H/W ratio",'3_BreadFormulation&measurements'!$N$3:$N$20),_xlpm.f,_xlfn._xlws.FILTER(_xlpm.col,(SUBSTITUTE(TRIM('3_BreadFormulation&measurements'!$C$3:$C$20)," ","_")=SUBSTITUTE(TRIM($H70)," ","_"))*('3_BreadFormulation&measurements'!$A$3:$A$20=$G70)*ISNUMBER(_xlpm.col)),_xlfn.STDEV.S(_xlpm.f)),"")}
... F86: H/W ratio | G86: B | H86: 20% BSG_fraction+140ppmE | I86: {=IFERROR(_xlfn.LET(_xlpm.col,_xlfn.SWITCH($F86,"Volume",'3_BreadFormulation&measurements'!$M$3:$M$20,"H/W ratio",'3_BreadFormulation&measurements'!$N$3:$N$20),_xlpm.f,_xlfn._xlws.FILTER(_xlpm.col,(SUBSTITUTE(TRIM('3_BreadFormulation&measurements'!$C$3:$C$20)," ","_")=SUBSTITUTE(TRIM($H86)," ","_"))*('3_BreadFormulation&measurements'!$A$3:$A$20=$G86)*ISNUMBER(_xlpm.col)),AVERAGE(_xlpm.f)),"")} -> 0.9047619 | J86: {=IFERROR(_xlfn.LET(_xlpm.col,_xlfn.SWITCH($F86,"Volume",'3_BreadFormulation&measurements'!$M$3:$M$20,"H/W ratio",'3_BreadFormulation&measurements'!$N$3:$N$20),_xlpm.f,_xlfn._xlws.FILTER(_xlpm.col,(SUBSTITUTE(TRIM('3_BreadFormulation&measurements'!$C$3:$C$20)," ","_")=SUBSTITUTE(TRIM($H86)," ","_"))*('3_BreadFormulation&measurements'!$A$3:$A$20=$G86)*ISNUMBER(_xlpm.col)),_xlfn.STDEV.S(_xlpm.f)),"")}

Sheet 1_RawMaterial
A1: N | B1: Name | C1: Sample | D1: Parameter | E1: Rep | F1: Recipient number | G1: Sample Weight (g) | H1: Incial Weight (g) | I1: Final Weight (g) | J1: Weight Loss (g) | K1: Moisture (%) | L1: Ash | M1: Dry Matter | N1: Consumption of Acid (Protein) | O1: Crude protein content (100% dry matter) | P1: Wet Gluten (%) | Q1: Total Fibre (%) | R1: Date | S1: Comments
A2: 1 | B2: =_xlfn.CONCAT(C2,"_",D2,"_",E2) -> Flour_Moisture_1 | C2: Flour | D2: Moisture | E2: 1 | F2: 148 | G2: 5.0001 | H2: =SUM(_xlfn.XLOOKUP(Table2[[#This Row],[Recipient number]],Extra_RecipientsWeight!A:A,Extra_RecipientsWeight!B:B)+G2) -> 29.141 | I2: 28.5194 | J2: =Table2[[#This Row],[Incial Weight (g)]]-Table2[[#This Row],[Final Weight (g)]] -> 0.6216 | K2: =(Table2[[#This Row],[Incial Weight (g)]]-Table2[[#This Row],[Final Weight (g)]])/Table2[[#This Row],[Sample Weight (g)]] -> 0.12431751 | R2: 45947
A3: 2 | B3: =_xlfn.CONCAT(C3,"_",D3,"_",E3) -> Flour_Moisture_2 | C3: Flour | D3: Moisture | E3: 2 | F3: 446 | G3: 5.0016 | H3: =SUM(_xlfn.XLOOKUP(Table2[[#This Row],[Recipient number]],Extra_RecipientsWeight!A:A,Extra_RecipientsWeight!B:B)+G3) -> 32.4862 | I3: 31.8646 | J3: =Table2[[#This Row],[Incial Weight (g)]]-Table2[[#This Row],[Final Weight (g)]] -> 0.6216 | K3: =(Table2[[#This Row],[Incial Weight (g)]]-Table2[[#This Row],[Final Weight (g)]])/Table2[[#This Row],[Sample Weight (g)]] -> 0.12428023 | R3: 45947
A4: 3 | B4: =_xlfn.CONCAT(C4,"_",D4,"_",E4) -> BSG_Moisture_1 | C4: BSG | D4: Moisture | E4: 1 | F4: 485 | G4: 5.0014 | H4: =SUM(_xlfn.XLOOKUP(Table2[[#This Row],[Recipient number]],Extra_RecipientsWeight!A:A,Extra_RecipientsWeight!B:B)+G4) -> 31.948 | I4: 31.7053 | J4: =Table2[[#This Row],[Incial Weight (g)]]-Table2[[#This Row],[Final Weight (g)]] -> 0.2427 | K4: =(Table2[[#This Row],[Incial Weight (g)]]-Table2[[#This Row],[Final Weight (g)]])/Table2[[#This Row],[Sample Weight (g)]] -> 0.048526413 | R4: 45947
A5: 4 | B5: =_xlfn.CONCAT(C5,"_",D5,"_",E5) -> BSG_Moisture_2 | C5: BSG | D5: Moisture | E5: 2 | F5: 352 | G5: 5.0006 | H5: =SUM(_xlfn.XLOOKUP(Table2[[#This Row],[Recipient number]],Extra_RecipientsWeight!A:A,Extra_RecipientsWeight!B:B)+G5) -> 28.6959 | I5: 28.4455 | J5: =Table2[[#This Row],[Incial Weight (g)]]-Table2[[#This Row],[Final Weight (g)]] -> 0.2504 | K5: =(Table2[[#This Row],[Incial Weight (g)]]-Table2[[#This Row],[Final Weight (g)]])/Table2[[#This Row],[Sample Weight (g)]] -> 0.050073991 | R5: 45947
A6: 5 | B6: =_xlfn.CONCAT(C6,"_",D6,"_",E6) -> 10% BSG Mixture_Moisture_1 | C6: 10% BSG Mixture | D6: Moisture | E6: 1 | F6: 212 | G6: 5.0005 | H6: =SUM(_xlfn.XLOOKUP(Table2[[#This Row],[Recipient number]],Extra_RecipientsWeight!A:A,Extra_RecipientsWeight!B:B)+G6) -> 32.5184 | I6: 31.934 | J6: =Table2[[#This Row],[Incial Weight (g)]]-Table2[[#This Row],[Final Weight (g)]] -> 0.5844 | K6: =(Table2[[#This Row],[Incial Weight (g)]]-Table2[[#This Row],[Final Weight (g)]])/Table2[[#This Row],[Sample Weight (g)]] -> 0.11686831 | R6: 45947
A7: 6 | B7: =_xlfn.CONCAT(C7,"_",D7,"_",E7) -> 10% BSG Mixture_Moisture_2 | C7: 10% BSG Mixture | D7: Moisture | E7: 2 | F7: 793 | G7: 5.0005 | H7: =SUM(_xlfn.XLOOKUP(Table2[[#This Row],[Recipient number]],Extra_RecipientsWeight!A:A,Extra_RecipientsWeight!B:B)+G7) -> 32.2478 | I7: 31.6709 | J7: =Table2[[#This Row],[Incial Weight (g)]]-Table2[[#This Row],[Final Weight (g)]] -> 0.5769 | K7: =(Table2[[#This Row],[Incial Weight (g)]]-Table2[[#This Row],[Final Weight (g)]])/Table2[[#This Row],[Sample Weight (g)]] -> 0.11536846 | R7: 45947
A8: 7 | B8: =_xlfn.CONCAT(C8,"_",D8,"_",E8) -> 20% BSG Mixture_Moisture_1 | C8: 20% BSG Mixture | D8: Moisture | E8: 1 | F8: 471 | G8: 5 | H8: =SUM(_xlfn.XLOOKUP(Table2[[#This Row],[Recipient number]],Extra_RecipientsWeight!A:A,Extra_RecipientsWeight!B:B)+G8) -> 32.315 | I8: 31.7734 | J8: =Table2[[#This Row],[Incial Weight (g)]]-Table2[[#This Row],[Final Weight (g)]] -> 0.5416 | K8: =(Table2[[#This Row],[Incial Weight (g)]]-Table2[[#This Row],[Final Weight (g)]])/Table2[[#This Row],[Sample Weight (g)]] -> 0.10832 | R8: 45947
A9: 8 | B9: =_xlfn.CONCAT(C9,"_",D9,"_",E9) -> 20% BSG Mixture_Moisture_2 | C9: 20% BSG Mixture | D9: Moisture | E9: 2 | F9: 403 | G9: 5.001 | H9: =SUM(_xlfn.XLOOKUP(Table2[[#This Row],[Recipient number]],Extra_RecipientsWeight!A:A,Extra_RecipientsWeight!B:B)+G9) -> 31.9427 | I9: 31.4162 | J9: =Table2[[#This Row],[Incial Weight (g)]]-Table2[[#This Row],[Final Weight (g)]] -> 0.5265 | K9: =(Table2[[#This Row],[Incial Weight (g)]]-Table2[[#This Row],[Final Weight (g)]])/Table2[[#This Row],[Sample Weight (g)]] -> 0.10527894 | R9: 45947
A10: 9 | B10: =_xlfn.CONCAT(C10,"_",D10,"_",E10) -> Flour_Ash_1 | C10: Flour | D10: Ash | E10: 1 | F10: 14 | G10: 3.0007 | H10: =SUM(_xlfn.XLOOKUP(Table2[[#This Row],[Recipient number]],Extra_RecipientsWeight!A:A,Extra_RecipientsWeight!B:B)+G10) -> 23.0613 | I10: 20.0795 | J10: =Table2[[#This Row],[Incial Weight (g)]]-Table2[[#This Row],[Final Weight (g)]] -> 2.9818 | L10: =(Table2[[#This Row],[Sample Weight (g)]]-(Table2[[#This Row],[Incial Weight (g)]]-Table2[[#This Row],[Final Weight (g)]]))/Table2[[#This Row],[Sample Weight (g)]] -> 0.0062985303 | R10: 45947
A11: 10 | B11: =_xlfn.CONCAT(C11,"_",D11,"_",E11) -> Flour_Ash_2 | C11: Flour | D11: Ash | E11: 2 | F11: 22 | G11: 2.9995 | H11: =SUM(_xlfn.XLOOKUP(Table2[[#This Row],[Recipient number]],Extra_RecipientsWeight!A:A,Extra_RecipientsWeight!B:B)+G11) -> 23.1062 | I11: 20.1275 | J11: =Table2[[#This Row],[Incial Weight (g)]]-Table2[[#This Row],[Final Weight (g)]] -> 2.9787 | L11: =(Table2[[#This Row],[Sample Weight (g)]]-(Table2[[#This Row],[Incial Weight (g)]]-Table2[[#This Row],[Final Weight (g)]]))/Table2[[#This Row],[Sample Weight (g)]] -> 0.0069344891 | R11: 45947
A12: 11 | B12: =_xlfn.CONCAT(C12,"_",D12,"_",E12) -> BSG_Ash_1 | C12: BSG | D12: Ash | E12: 1 | F12: 18 | G12: 3.0007 | H12: =SUM(_xlfn.XLOOKUP(Table2[[#This Row],[Recipient number]],Extra_RecipientsWeight!A:A,Extra_RecipientsWeight!B:B)+G12) -> 24.0954 | I12: 21.215 | J12: =Table2[[#This Row],[Incial Weight (g)]]-Table2[[#This Row],[Final Weight (g)]] -> 2.8804 | L12: =(Table2[[#This Row],[Sample Weight (g)]]-(Table2[[#This Row],[Incial Weight (g)]]-Table2[[#This Row],[Final Weight (g)]]))/Table2[[#This Row],[Sample Weight (g)]] -> 0.040090646 | R12: 45947
A13: 12 | B13: =_xlfn.CONCAT(C13,"_",D13,"_",E13) -> BSG_Ash_2 | C13: BSG | D13: Ash | E13: 2 | F13: 4 | G13: 3.0009 | H13: =SUM(_xlfn.XLOOKUP(Table2[[#This Row],[Recipient number]],Extra_RecipientsWeight!A:A,Extra_RecipientsWeight!B:B)+G13) -> 21.4205 | I13: 18.5418 | J13: =Table2[[#This Row],[Incial Weight (g)]]-Table2[[#This Row],[Final Weight (g)]] -> 2.8787 | L13: =(Table2[[#This Row],[Sample Weight (g)]]-(Table2[[#This Row],[Incial Weight (g)]]-Table2[[#This Row],[Final Weight (g)]]))/Table2[[#This Row],[Sample Weight (g)]] -> 0.040721117 | R13: 45947
A14: 13 | B14: =_xlfn.CONCAT(C14,"_",D14,"_",E14) -> 10% BSG Mixture_Ash_1 | C14: 10% BSG Mixture | D14: Ash | E14: 1 | F14: 15 | G14: 3.001 | H14: =SUM(_xlfn.XLOOKUP(Table2[[#This Row],[Recipient number]],Extra_RecipientsWeight!A:A,Extra_RecipientsWeight!B:B)+G14) -> 22.1673 | I14: 19.1967 | J14: =Table2[[#This Row],[Incial Weight (g)]]-Table2[[#This Row],[Final Weight (g)]] -> 2.9706 | L14: =(Table2[[#This Row],[Sample Weight (g)]]-(Table2[[#This Row],[Incial Weight (g)]]-Table2[[#This Row],[Final Weight (g)]]))/Table2[[#This Row],[Sample Weight (g)]] -> 0.010129957 | R14: 45947
A15: 14 | B15: =_xlfn.CONCAT(C15,"_",D15,"_",E15) -> 10% BSG Mixture_Ash_2 | C15: 10% BSG Mixture | D15: Ash | E15: 2 | F15: 21 | G15: 3.0003 | H15: =SUM(_xlfn.XLOOKUP(Table2[[#This Row],[Recipient number]],Extra_RecipientsWeight!A:A,Extra_RecipientsWeight!B:B)+G15) -> 22.8075 | I15: 19.8375 | J15: =Table2[[#This Row],[Incial Weight (g)]]-Table2[[#This Row],[Final Weight (g)]] -> 2.97 | L15: =(Table2[[#This Row],[Sample Weight (g)]]-(Table2[[#This Row],[Incial Weight (g)]]-Table2[[#This Row],[Final Weight (g)]]))/Table2[[#This Row],[Sample Weight (g)]] -> 0.01009899 | R15: 45947
A16: 15 | B16: =_xlfn.CONCAT(C16,"_",D16,"_",E16) -> 20% BSG Mixture_Ash_1 | C16: 20% BSG Mixture | D16: Ash | E16: 1 | F16: 5 | G16: 3.0001 | H16: =SUM(_xlfn.XLOOKUP(Table2[[#This Row],[Recipient number]],Extra_RecipientsWeight!A:A,Extra_RecipientsWeight!B:B)+G16) -> 23.09 | I16: 20.1302 | J16: =Table2[[#This Row],[Incial Weight (g)]]-Table2[[#This Row],[Final Weight (g)]] -> 2.9598 | L16: =(Table2[[#This Row],[Sample Weight (g)]]-(Table2[[#This Row],[Incial Weight (g)]]-Table2[[#This Row],[Final Weight (g)]]))/Table2[[#This Row],[Sample Weight (g)]] -> 0.013432886 | R16: 45947
A17: 16 | B17: =_xlfn.CONCAT(C17,"_",D17,"_",E17) -> 20% BSG Mixture_Ash_2 | C17: 20% BSG Mixture | D17: Ash | E17: 2 | F17: 25 | G17: 2.9996 | H17: =SUM(_xlfn.XLOOKUP(Table2[[#This Row],[Recipient number]],Extra_RecipientsWeight!A:A,Extra_RecipientsWeight!B:B)+G17) -> 22.1767 | I17: 19.2171 | J17: =Table2[[#This Row],[Incial Weight (g)]]-Table2[[#This Row],[Final Weight (g)]] -> 2.9596 | L17: =(Table2[[#This Row],[Sample Weight (g)]]-(Table2[[#This Row],[Incial Weight (g)]]-Table2[[#This Row],[Final Weight (g)]]))/Table2[[#This Row],[Sample Weight (g)]] -> 0.013335111 | R17: 45947
A18: 17 | B18: =_xlfn.CONCAT(C18,"_",D18,"_",E18) -> Flour_Protein_1 | C18: Flour | D18: Protein | E18: 1 | F18: A-1 | G18: 1.0005 | H18: =Table2[[#This Row],[Sample Weight (g)]] -> 1.0005 | M18: =1-K2 -> 0.87568249 | N18: 12.8 | O18: 0.1278 | R18: 45947
A19: 18 | B19: =_xlfn.CONCAT(C19,"_",D19,"_",E19) -> Flour_Protein_2 | C19: Flour | D19: Protein | E19: 2 | F19: B-1 | G19: 1.0006 | H19: =Table2[[#This Row],[Sample Weight (g)]] -> 1.0006 | M19: =1-K3 -> 0.87571977 | N19: 13 | O19: 0.1298 | R19: 45947
A20: 19 | B20: =_xlfn.CONCAT(C20,"_",D20,"_",E20) -> BSG_Protein_1 | C20: BSG | D20: Protein | E20: 1 | F20: A-2 | G20: 1.0006 | H20: =Table2[[#This Row],[Sample Weight (g)]] -> 1.0006 | M20: =1-K4 -> 0.95147359 | N20: 23.8 | O20: 0.2187 | R20: 45947
A21: 20 | B21: =_xlfn.CONCAT(C21,"_",D21,"_",E21) -> BSG_Protein_2 | C21: BSG | D21: Protein | E21: 2 | F21: B-2 | G21: 1.0005 | H21: =Table2[[#This Row],[Sample Weight (g)]] -> 1.0005 | M21: =1-K5 -> 0.94992601 | N21: 23.5 | O21: 0.2163 | R21: 45947
A22: 21 | B22: =_xlfn.CONCAT(C22,"_",D22,"_",E22) -> 10% BSG Mixture_Protein_1 | C22: 10% BSG Mixture | D22: Protein | E22: 1 | F22: A-3 | G22: 1.0008 | H22: =Table2[[#This Row],[Sample Weight (g)]] -> 1.0008 | M22: =1-K6 -> 0.88313169 | N22: 14.3 | O22: 0.1415 | R22: 45947
A23: 22 | B23: =_xlfn.CONCAT(C23,"_",D23,"_",E23) -> 10% BSG Mixture_Protein_2 | C23: 10% BSG Mixture | D23: Protein | E23: 2 | F23: B-3 | G23: 1 | H23: =Table2[[#This Row],[Sample Weight (g)]] -> 1 | M23: =1-K7 -> 0.88463154 | N23: 15 | O23: 0.1483 | R23: 45947
A24: 23 | B24: =_xlfn.CONCAT(C24,"_",D24,"_",E24) -> 20% BSG Mixture_Protein_1 | C24: 20% BSG Mixture | D24: Protein | E24: 1 | F24: A-4 | G24: 1.0003 | H24: =Table2[[#This Row],[Sample Weight (g)]] -> 1.0003 | M24: =1-K8 -> 0.89168 | N24: 15 | O24: 0.1471 | R24: 45947
A25: 24 | B25: =_xlfn.CONCAT(C25,"_",D25,"_",E25) -> 20% BSG Mixture_Protein_2 | C25: 20% BSG Mixture | D25: Protein | E25: 2 | F25: B-4 | G25: 1.001 | H25: =Table2[[#This Row],[Sample Weight (g)]] -> 1.001 | M25: =1-K9 -> 0.89472106 | N25: 14.8 | O25: 0.1446 | R25: 45947
A26: 25 | B26: =_xlfn.CONCAT(C26,"_",D26,"_",E26) -> Flour_Gluten_1 | C26: Flour | D26: Gluten | E26: 1 | F26: A-1 | G26: 10 | H26: =Table2[[#This Row],[Sample Weight (g)]] -> 10 | I26: 2.9 | J26: =G26-I26 -> 7.1 | P26: =Table2[[#This Row],[Final Weight (g)]]*Table2[[#This Row],[Incial Weight (g)]]/(100-AVERAGE(K2:K3)) -> 0.29036092 | R26: 45947
A27: 26 | B27: =_xlfn.CONCAT(C27,"_",D27,"_",E27) -> Flour_Gluten_2 | C27: Flour | D27: Gluten | E27: 2 | F27: B-1 | G27: 10 | H27: =Table2[[#This Row],[Sample Weight (g)]] -> 10 | I27: 2.9 | J27: =G27-I27 -> 7.1 | P27: =Table2[[#This Row],[Final Weight (g)]]*Table2[[#This Row],[Incial Weight (g)]]/(100-AVERAGE(K2:K3)) -> 0.29036092 | R27: 45947
A28: 29 | B28: =_xlfn.CONCAT(C28,"_",D28,"_",E28) -> 10% BSG Mixture_Gluten_1 | C28: 10% BSG Mixture | D28: Gluten | E28: 1 | F28: A-3 | G28: 10 | H28: =Table2[[#This Row],[Sample Weight (g)]] -> 10 | I28: 2.4 | J28: =G28-I28 -> 7.6 | P28: =(Table2[[#This Row],[Final Weight (g)]]*Table2[[#This Row],[Incial Weight (g)]])/(100-AVERAGE(K6:K7)) -> 0.24027901 | R28: 45947
A29: 30 | B29: =_xlfn.CONCAT(C29,"_",D29,"_",E29) -> 10% BSG Mixture_Gluten_2 | C29: 10% BSG Mixture | D29: Gluten | E29: 2 | F29: B-3 | G29: 10 | H29: =Table2[[#This Row],[Sample Weight (g)]] -> 10 | I29: 2.4 | J29: =G29-I29 -> 7.6 | P29: =(Table2[[#This Row],[Final Weight (g)]]*Table2[[#This Row],[Incial Weight (g)]])/(100-AVERAGE(K6:K7)) -> 0.24027901 | R29: 45947
A30: 31 | B30: =_xlfn.CONCAT(C30,"_",D30,"_",E30) -> 20% BSG Mixture_Gluten_1 | C30: 20% BSG Mixture | D30: Gluten | E30: 1 | F30: A-4 | G30: 10 | H30: =Table2[[#This Row],[Sample Weight (g)]] -> 10 | I30: 2.2 | J30: =G30-I30 -> 7.8 | P30: =Table2[[#This Row],[Incial Weight (g)]]*Table2[[#This Row],[Final Weight (g)]]/(100-AVERAGE(K8:K9)) -> 0.22023521 | R30: 45947
A31: 32 | B31: =_xlfn.CONCAT(C31,"_",D31,"_",E31) -> 20% BSG Mixture_Gluten_2 | C31: 20% BSG Mixture | D31: Gluten | E31: 2 | F31: B-4 | G31: 10 | H31: =Table2[[#This Row],[Sample Weight (g)]] -> 10 | I31: 2.3 | J31: =G31-I31 -> 7.7 | P31: =Table2[[#This Row],[Incial Weight (g)]]*Table2[[#This Row],[Final Weight (g)]]/(100-AVERAGE(K8:K9)) -> 0.2302459 | R31: 45947
A32: 33 | B32: =_xlfn.CONCAT(C32,"_",D32,"_",E32) -> Flour_Fibre_1 | C32: Flour | D32: Fibre | E32: 1 | Q32: 0 | R32: 46297 | S32: Missing weights
A33: 34 | B33: =_xlfn.CONCAT(C33,"_",D33,"_",E33) -> Flour_Fibre_2 | C33: Flour | D33: Fibre | E33: 2 | Q33: 0 | R33: 46297 | S33: Missing weights
A34: 35 | B34: =_xlfn.CONCAT(C34,"_",D34,"_",E34) -> BSG_Fibre_1 | C34: BSG | D34: Fibre | E34: 1 | Q34: 0.1826 | R34: 46297 | S34: Missing weights
A35: 36 | B35: =_xlfn.CONCAT(C35,"_",D35,"_",E35) -> BSG_Fibre_2 | C35: BSG | D35: Fibre | E35: 2 | Q35: 0.1778 | R35: 46297 | S35: Missing weights
A36: 37 | B36: =_xlfn.CONCAT(C36,"_",D36,"_",E36) -> 10% BSG Mixture_Fibre_1 | C36: 10% BSG Mixture | D36: Fibre | E36: 1 | Q36: 0.0139 | R36: 46297 | S36: Missing weights
A37: 38 | B37: =_xlfn.CONCAT(C37,"_",D37,"_",E37) -> 10% BSG Mixture_Fibre_2 | C37: 10% BSG Mixture | D37: Fibre | E37: 2 | Q37: 0.0124 | R37: 46297 | S37: Missing weights
A38: 39 | B38: =_xlfn.CONCAT(C38,"_",D38,"_",E38) -> 20% BSG Mixture_Fibre_1 | C38: 20% BSG Mixture | D38: Fibre | E38: 1 | Q38: 0.0311 | R38: 46297 | S38: Missing weights
A39: 40 | B39: =_xlfn.CONCAT(C39,"_",D39,"_",E39) -> 20% BSG Mixture_Fibre_2 | C39: 20% BSG Mixture | D39: Fibre | E39: 2 | Q39: 0.0317 | R39: 46297 | S39: Missing weights

Sheet 2_Rheology
A1: N° | B1: Sample | C1: Parameter | D1: Rep | E1: Flour Weight (g) | F1: Moisture content (%) | G1: Water Added (mL) | H1: Time (min) | I1: Temperature (°C) | J1: Consistency (BU) | K1: Water absorption set (%) | L1: Water absorption (%) (corrected for 500 FU) | M1: Water absorption (%) (corrected to 14%) | N1: Development time (min) | O1: Stability (min) | P1: Degree of softening (FU) (10min after begin) | Q1: Degree of softening (FU) (12 min after max) | R1: Farinograph quality number | S1: Heating Rate (°C/min) | T1: Sample weight corr. to 14% (g/ml) | U1: Begin of gelatinization (°C) | V1: Gelatinization temperature (°C) | W1: Gelatinization maximum (AU) | X1: Date | Y1: Comments | Z1: Results & conclusion
A2: 1 | B2: Flour | C2: Farinograph | D2: 1 | E2: 295.1 | F2: 12.55 | G2: 183.2 | H2: 20 | I2: 30 | J2: 501 | K2: 60.1 | L2: 60.1 | M2: 58.5 | N2: 2.2 | O2: 8.1 | P2: 39 | Q2: 55 | R2: 65 | X2: 45758 | Z2: Addition of BSG increased the waterabsorption. But with 20% the hydratation is no even (homogenous) because of the different particles of te BSG (shape, size), diff chemical composition (related to proportion of soluble components and non-soluble componentes such as fibre). Development time is longer with more BSG. It means the delation of formation of gluten network due to the fibre (less gas retention, less volume). Stability: it is negatively affected by the increase of BSG because BSG contains proteases. It might weaken the gluten network and gas retention (lower stability). Degree of softening: (it is defined as how fast the dough get weaker within mixing) BSG lowers it. Its dough will become weaker so quickly because the gluten network is not well developed. Falta alguna conclusion sobre farinograh number
A3: 2 | B3: 10%_BSG | C3: Farinograph | D3: 1 | E3: 295.1 | F3: 12.6 | G3: 193.4 | H3: 30 | I3: 30 | J3: 527 | K3: 64.3 | L3: 65 | M3: 63.4 | N3: 9.9 | O3: 16.9 | P3: 4 | Q3: 34 | R3: 210 | X3: 45758 | Z3: Addition of BSG increased the waterabsorption. But with 20% the hydratation is no even (homogenous) because of the different particles of te BSG (shape, size), diff chemical composition (related to proportion of soluble components and non-soluble componentes such as fibre). Development time is longer with more BSG. It means the delation of formation of gluten network due to the fibre (less gas retention, less volume). Stability: it is negatively affected by the increase of BSG because BSG contains proteases. It might weaken the gluten network and gas retention (lower stability). Degree of softening: (it is defined as how fast the dough get weaker within mixing) BSG lowers it. Its dough will become weaker so quickly because the gluten network is not well developed. Falta alguna conclusion sobre farinograh number
A4: 3 | B4: 20%_BSG | C4: Farinograph | D4: 1 | E4: 295.1 | F4: 12.6 | H4: 20 | I4: 30 | J4: 544 | K4: 65.2 | L4: 66.3 | M4: 64.7 | N4: 22.9 | O4: 21.8 | P4: 9 | Q4: 30 | R4: 339 | X4: 45788 | Z4: Addition of BSG increased the waterabsorption. But with 20% the hydratation is no even (homogenous) because of the different particles of te BSG (shape, size), diff chemical composition (related to proportion of soluble components and non-soluble componentes such as fibre). Development time is longer with more BSG. It means the delation of formation of gluten network due to the fibre (less gas retention, less volume). Stability: it is negatively affected by the increase of BSG because BSG contains proteases. It might weaken the gluten network and gas retention (lower stability). Degree of softening: (it is defined as how fast the dough get weaker within mixing) BSG lowers it. Its dough will become weaker so quickly because the gluten network is not well developed. Falta alguna conclusion sobre farinograh number
A5: 4 | B5: 10%_BSG+70ppmE | C5: Farinograph | D5: 1 | E5: 295.1 | F5: 12.6 | H5: 30 | I5: 30 | J5: 543 | K5: 61.2 | L5: 62.3 | M5: 60.7 | N5: 8.3 | O5: 14.1 | P5: 7 | Q5: 54 | R5: 171 | X5: 13/11/2025 | Y5: Not going | Z5: Addition of BSG increased the waterabsorption. But with 20% the hydratation is no even (homogenous) because of the different particles of te BSG (shape, size), diff chemical composition (related to proportion of soluble components and non-soluble componentes such as fibre). Development time is longer with more BSG. It means the delation of formation of gluten network due to the fibre (less gas retention, less volume). Stability: it is negatively affected by the increase of BSG because BSG contains proteases. It might weaken the gluten network and gas retention (lower stability). Degree of softening: (it is defined as how fast the dough get weaker within mixing) BSG lowers it. Its dough will become weaker so quickly because the gluten network is not well developed. Falta alguna conclusion sobre farinograh number
A6: 4 | B6: 10%_BSG+70ppmE | C6: Farinograph | D6: 2 | E6: 295.1 | F6: 12.6 | H6: 20 | I6: 30 | J6: 483 | K6: 61.2 | L6: 60.8 | M6: 59.2 | N6: 2.7 | O6: 7.1 | P6: 35 | Q6: 55 | R6: 93 | X6: 13/11/2025 | Y6: Not going | Z6: Addition of BSG increased the waterabsorption. But with 20% the hydratation is no even (homogenous) because of the different particles of te BSG (shape, size), diff chemical composition (related to proportion of soluble components and non-soluble componentes such as fibre). Development time is longer with more BSG. It means the delation of formation of gluten network due to the fibre (less gas retention, less volume). Stability: it is negatively affected by the increase of BSG because BSG contains proteases. It might weaken the gluten network and gas retention (lower stability). Degree of softening: (it is defined as how fast the dough get weaker within mixing) BSG lowers it. Its dough will become weaker so quickly because the gluten network is not well developed. Falta alguna conclusion sobre farinograh number
A7: 4 | B7: 10%_BSG+70ppmE | C7: Farinograph | D7: 3 | E7: 295.1 | F7: 12.6 | H7: 30 | I7: 30 | J7: 517 | K7: 67.2 | L7: 67.6 | M7: 66.2 | N7: 7.5 | O7: 12.7 | P7: 5 | Q7: 57 | R7: 160 | X7: 25/11/2025 | Z7: Addition of BSG increased the waterabsorption. But with 20% the hydratation is no even (homogenous) because of the different particles of te BSG (shape, size), diff chemical composition (related to proportion of soluble components and non-soluble componentes such as fibre). Development time is longer with more BSG. It means the delation of formation of gluten network due to the fibre (less gas retention, less volume). Stability: it is negatively affected by the increase of BSG because BSG contains proteases. It might weaken the gluten network and gas retention (lower stability). Degree of softening: (it is defined as how fast the dough get weaker within mixing) BSG lowers it. Its dough will become weaker so quickly because the gluten network is not well developed. Falta alguna conclusion sobre farinograh number
A8: 5 | B8: 20%_BSG+70ppmE | C8: Farinograph | D8: 1 | E8: 295.1 | F8: 12.6 | H8: 40 | I8: 30 | J8: 513 | K8: 68 | L8: 68.3 | M8: 66.7 | N8: 24 | O8: 25.9 | P8: 0 | Q8: 27 | R8: 355 | X8: 13/11/2025 | Z8: Addition of BSG increased the waterabsorption. But with 20% the hydratation is no even (homogenous) because of the different particles of te BSG (shape, size), diff chemical composition (related to proportion of soluble components and non-soluble componentes such as fibre). Development time is longer with more BSG. It means the delation of formation of gluten network due to the fibre (less gas retention, less volume). Stability: it is negatively affected by the increase of BSG because BSG contains proteases. It might weaken the gluten network and gas retention (lower stability). Degree of softening: (it is defined as how fast the dough get weaker within mixing) BSG lowers it. Its dough will become weaker so quickly because the gluten network is not well developed. Falta alguna conclusion sobre farinograh number
A9: 1 | B9: Flour | C9: Amilograph | D9: 1 | E9: 80 | F9: 12.6 | G9: 450 | H9: 50 | S9: 1.5 | T9: 78.7/451.3 | U9: 60.1 | V9: 87.3 | W9: 871 | X9: 13/11/2025 | Z9: The lower viscosity the lower the starch is to enzyme activity
A10: 1 | B10: Flour+70ppmE | C10: Amilograph | D10: 1 | E10: 80 | F10: 12.8 | G10: 450 | H10: 50 | S10: 1.5 | T10: 78.9/451.1 | U10: 60.3 | V10: 90.1 | W10: 1178 | X10: 13/11/2025 | Z10: The lower viscosity the lower the starch is to enzyme activity
A11: 2 | B11: 10%_BSG | C11: Amilograph | D11: 1 | E11: 80 | F11: 12.6 | G11: 450 | H11: 50 | S11: 1.5 | T11: 78.7/451.3 | U11: 61.6 | V11: 82.4 | W11: 441 | X11: 13/11/2025 | Z11: The lower viscosity the lower the starch is to enzyme activity
A12: 3 | B12: 20%_BSG | C12: Amilograph | D12: 1 | E12: 80 | F12: 12.6 | G12: 450 | H12: 50 | S12: 1.5 | T12: 78.9/451.1 | U12: 61.5 | V12: 77.3 | W12: 192 | X12: 19/11/2025 | Y12: BSG negatively affect amilases complex because it increase | Z12: The lower viscosity the lower the starch is to enzyme activity
A13: 4 | B13: 10%_BSG+70ppmE | C13: Amilograph | D13: 1 | E13: 80 | F13: 12.6 | G13: 450 | H13: 50 | S13: 1.5 | T13: 78.9/451.1 | U13: 61.5 | V13: 84.5 | W13: 499 | X13: 20/11/2025 | Y13: The enzyme improved the degradation of the starch and normal formaiton of bread crumb. | Z13: The lower viscosity the lower the starch is to enzyme activity
A14: 5 | B14: 20%_BSG+70ppmE | C14: Amilograph | D14: 1 | E14: 80 | F14: 12.8 | G14: 450 | H14: 50 | S14: 1.5 | T14: 78.9/451.1 | U14: 61 | V14: 81.6 | W14: 335 | X14: 20/11/2025 | Y14: The enzyme improved the degradation of the starch and normal formaiton of bread crumb. BSG negatively affect amilases complex because it increase amilases activity but enzyme improved it | Z14: The lower viscosity the lower the starch is to enzyme activity

Sheet 3_BreadFormulation&measurements
E1: Formulation | K1: Measurements
D2: Sample ID | E2: Flour (g) | F2: BSG Level (%) | G2: Yeast (g) | H2: Salt (g) | I2: Sugar (g) | J2: Water (ml) | K2: Weight dough (g) | L2: Weight bread (g) | M2: Volume (ml) | N2: Height/Width | O2: Date | P2: Comments
A3: A | B3: 1 | C3: Flour | D3: =_xlfn.CONCAT(A3,"_",B3,"_",C3) -> A_1_Flour | E3: 250 | F3: 0 | G3: 10 | H3: 5 | I3: 2.5 | J3: 162 | K3: 411.7 | L3: 353.5 | M3: 925 | N3: =10.5/11 -> 0.95454545 | O3: 20/11/2025
A4: A | B4: 2 | C4: 10%_BSG | D4: =_xlfn.CONCAT(A4,"_",B4,"_",C4) -> A_2_10%_BSG | E4: 250 | F4: 10 | G4: 10 | H4: 5 | I4: 2.5 | J4: 165 | K4: 417.2 | L4: 362.6 | M4: 775 | N4: =9.8/10.2 -> 0.96078431 | O4: 20/11/2025
A5: A | B5: 3 | C5: 20%_BSG | D5: =_xlfn.CONCAT(A5,"_",B5,"_",C5) -> A_3_20%_BSG | E5: 250 | F5: 20 | G5: 10 | H5: 5 | I5: 2.5 | J5: 180 | K5: 432.8 | L5: 375.2 | M5: 680 | N5: =9/10.3 -> 0.87378641 | O5: 20/11/2025
A6: A | B6: 4 | C6: 10%_BSG+70ppmE | D6: =_xlfn.CONCAT(A6,"_",B6,"_",C6) -> A_4_10%_BSG+70ppmE | E6: 250 | F6: 10 | G6: 10 | H6: 5 | I6: 2.5 | J6: 175 | K6: 416 | L6: 357.6 | M6: 825 | N6: =10/10.4 -> 0.96153846 | O6: 20/11/2025
A7: A | B7: 5 | C7: 20%_BSG+70ppmE | D7: =_xlfn.CONCAT(A7,"_",B7,"_",C7) -> A_5_20%_BSG+70ppmE | E7: 250 | F7: 20 | G7: 10 | H7: 5 | I7: 2.5 | J7: 190 | K7: 437.3 | L7: 374.8 | M7: 725 | N7: =9/10.1 -> 0.89108911 | O7: 20/11/2025
A8: B | B8: 1 | C8: Flour | D8: =_xlfn.CONCAT(A8,"_",B8,"_",C8) -> B_1_Flour | E8: 250 | F8: 0 | G8: 10 | H8: 5 | I8: 2.5 | J8: 170 | K8: 425.35 | L8: 370.11 | M8: 975 | N8: =11.2/10.9 -> 1.0275229 | O8: 46176
A9: B | B9: 2 | C9: 10% BSG+70ppmE | D9: =_xlfn.CONCAT(A9,"_",B9,"_",C9) -> B_2_10% BSG+70ppmE | E9: 250 | F9: 10 | G9: 10 | H9: 5 | I9: 2.5 | J9: 190 | K9: 443.95 | L9: 384.45 | M9: 975 | N9: =10.9/10.6 -> 1.0283019 | O9: 46176
A10: B | B10: 3 | C10: 20% BSG+70ppmE | D10: =_xlfn.CONCAT(A10,"_",B10,"_",C10) -> B_3_20% BSG+70ppmE | E10: 250 | F10: 20 | G10: 10 | H10: 5 | I10: 2.5 | J10: 200 | K10: 456.24 | L10: 396.45 | M10: 750 | N10: =9.9/10.5 -> 0.94285714 | O10: 46176
A11: B | B11: 4 | C11: 10% BSG_fraction+70ppmE | D11: =_xlfn.CONCAT(A11,"_",B11,"_",C11) -> B_4_10% BSG_fraction+70ppmE | E11: 250 | F11: 10 | G11: 10 | H11: 5 | I11: 2.5 | J11: 200 | K11: 458.37 | L11: 389.82 | M11: 925 | N11: =10.9/10.8 -> 1.0092593 | O11: 46176
A12: B | B12: 5 | C12: 20% BSG_fraction+70ppmE | D12: =_xlfn.CONCAT(A12,"_",B12,"_",C12) -> B_5_20% BSG_fraction+70ppmE | E12: 250 | F12: 20 | G12: 10 | H12: 5 | I12: 2.5 | J12: 210 | K12: 465.69 | L12: 402.21 | M12: 600 | N12: =8.6/10.5 -> 0.81904762 | O12: 46176
A13: B | B13: 6 | C13: 10% BSG+140ppmE | D13: =_xlfn.CONCAT(A13,"_",B13,"_",C13) -> B_6_10% BSG+140ppmE | E13: 250 | F13: 10 | G13: 10 | H13: 5 | I13: 2.5 | J13: 190 | K13: 447.25 | L13: 380.64 | M13: 1050 | N13: =11.5/11.1 -> 1.036036 | O13: 46176
A14: B | B14: 7 | C14: 20% BSG+140ppmE | D14: =_xlfn.CONCAT(A14,"_",B14,"_",C14) -> B_7_20% BSG+140ppmE | E14: 250 | F14: 20 | G14: 10 | H14: 5 | I14: 2.5 | J14: 200 | K14: 462.49 | L14: 399.35 | M14: 850 | N14: =10/11 -> 0.90909091 | O14: 46176
A15: B | B15: 8 | C15: 10% BSG_fraction+140ppmE | D15: =_xlfn.CONCAT(A15,"_",B15,"_",C15) -> B_8_10% BSG_fraction+140ppmE | E15: 250 | F15: 10 | G15: 10 | H15: 5 | I15: 2.5 | J15: 190 | K15: 437.88 | L15: 381.67 | M15: 725 | N15: =10.6/10.7 -> 0.99065421 | O15: 46176
A16: B | B16: 9 | C16: 20% BSG_fraction+140ppmE | D16: =_xlfn.CONCAT(A16,"_",B16,"_",C16) -> B_9_20% BSG_fraction+140ppmE | E16: 250 | F16: 20 | G16: 10 | H16: 5 | I16: 2.5 | J16: 220 | K16: 468.62 | L16: 412.18 | M16: 775 | N16: =9.5/10.5 -> 0.9047619 | O16: 46176

Sheet 4_BreadComposition
A1: N | B1: Batch | C1: Name | D1: Sample | E1: Parameter | F1: Rep | G1: Recipient number | H1: Sample Weight (g) | I1: Incial Weight (g) | J1: Final Weight (g) | K1: Moisture (%) | L1: Dry Matter | M1: Ash (%) | N1: Consumption of Acid (Protein) | O1: Crude protein content (100% dry matter) | P1: Total Fibre (%) | Q1: Date | R1: Comments
A2: 1 | B2: A | C2: =_xlfn.CONCAT(D2,"_",E2,"_",B2,"_",F2) -> Flour_Moisture_A_1 | D2: Flour | E2: Moisture | F2: 1 | G2: 485 | H2: 5.005 | I2: =SUM(_xlfn.XLOOKUP(Table27[[#This Row],[Recipient number]],Extra_RecipientsWeight!A:A,Extra_RecipientsWeight!B:B)+H2) -> 31.9516 | J2: 31.4846 | K2: =(Table27[[#This Row],[Incial Weight (g)]]-Table27[[#This Row],[Final Weight (g)]])/Table27[[#This Row],[Sample Weight (g)]] -> 0.093306693 | L2: =1-K2 -> 0.90669331 | Q2: 45981
A3: 2 | B3: A | C3: =_xlfn.CONCAT(D3,"_",E3,"_",B3,"_",F3) -> 10% BSG_Moisture_A_1 | D3: 10% BSG | E3: Moisture | F3: 1 | G3: 566 | H3: 5.0099 | I3: =SUM(_xlfn.XLOOKUP(Table27[[#This Row],[Recipient number]],Extra_RecipientsWeight!A:A,Extra_RecipientsWeight!B:B)+H3) -> 27.6776 | J3: 27.2255 | K3: =(Table27[[#This Row],[Incial Weight (g)]]-Table27[[#This Row],[Final Weight (g)]])/Table27[[#This Row],[Sample Weight (g)]] -> 0.090241322 | L3: =1-K3 -> 0.90975868 | Q3: 45981
A4: 3 | B4: A | C4: =_xlfn.CONCAT(D4,"_",E4,"_",B4,"_",F4) -> 20% BSG _Moisture_A_1 | D4: 20% BSG | E4: Moisture | F4: 1 | G4: 462 | H4: 5.0079 | I4: =SUM(_xlfn.XLOOKUP(Table27[[#This Row],[Recipient number]],Extra_RecipientsWeight!A:A,Extra_RecipientsWeight!B:B)+H4) -> 32.7339 | J4: 32.2908 | K4: =(Table27[[#This Row],[Incial Weight (g)]]-Table27[[#This Row],[Final Weight (g)]])/Table27[[#This Row],[Sample Weight (g)]] -> 0.088480201 | L4: =1-K4 -> 0.9115198 | Q4: 45981
A5: 4 | B5: A | C5: =_xlfn.CONCAT(D5,"_",E5,"_",B5,"_",F5) -> 10% BSG+70ppmE_Moisture_A_1 | D5: 10% BSG+70ppmE | E5: Moisture | F5: 1 | G5: 352.1 | H5: 5.0049 | I5: =SUM(_xlfn.XLOOKUP(Table27[[#This Row],[Recipient number]],Extra_RecipientsWeight!A:A,Extra_RecipientsWeight!B:B)+H5) -> 28.0951 | J5: 27.6507 | K5: =(Table27[[#This Row],[Incial Weight (g)]]-Table27[[#This Row],[Final Weight (g)]])/Table27[[#This Row],[Sample Weight (g)]] -> 0.088792983 | L5: =1-K5 -> 0.91120702 | Q5: 45981
A6: 5 | B6: A | C6: =_xlfn.CONCAT(D6,"_",E6,"_",B6,"_",F6) -> 20% BSG+70ppmE_Moisture_A_1 | D6: 20% BSG+70ppmE | E6: Moisture | F6: 1 | G6: 440 | H6: 5.0099 | I6: =SUM(_xlfn.XLOOKUP(Table27[[#This Row],[Recipient number]],Extra_RecipientsWeight!A:A,Extra_RecipientsWeight!B:B)+H6) -> 31.9722 | J6: 31.5326 | K6: =(Table27[[#This Row],[Incial Weight (g)]]-Table27[[#This Row],[Final Weight (g)]])/Table27[[#This Row],[Sample Weight (g)]] -> 0.087746262 | L6: =1-K6 -> 0.91225374 | Q6: 45981
A7: 6 | B7: A | C7: =_xlfn.CONCAT(D7,"_",E7,"_",B7,"_",F7) -> Flour_Ash_A_1 | D7: Flour | E7: Ash | F7: 1 | G7: 14.1 | H7: 3.0053 | I7: =SUM(_xlfn.XLOOKUP(Table27[[#This Row],[Recipient number]],Extra_RecipientsWeight!A:A,Extra_RecipientsWeight!B:B)+H7) -> 23.0788 | J7: 20.0897 | M7: =(Table27[[#This Row],[Sample Weight (g)]]-(Table27[[#This Row],[Incial Weight (g)]]-Table27[[#This Row],[Final Weight (g)]]))/Table27[[#This Row],[Sample Weight (g)]] -> 0.0053904768 | Q7: 45981 | R7: Check formula and results. It was checked and should be ok
A8: 7 | B8: A | C8: =_xlfn.CONCAT(D8,"_",E8,"_",B8,"_",F8) -> Flour_Ash_A_2 | D8: Flour | E8: Ash | F8: 2 | G8: 15.1 | H8: 3.0058 | I8: =SUM(_xlfn.XLOOKUP(Table27[[#This Row],[Recipient number]],Extra_RecipientsWeight!A:A,Extra_RecipientsWeight!B:B)+H8) -> 22.1639 | J8: 19.1769 | M8: =(Table27[[#This Row],[Sample Weight (g)]]-(Table27[[#This Row],[Incial Weight (g)]]-Table27[[#This Row],[Final Weight (g)]]))/Table27[[#This Row],[Sample Weight (g)]] -> 0.0062545745 | Q8: 45981 | R8: Check formula and results. It was checked and should be ok
A9: 8 | B9: A | C9: =_xlfn.CONCAT(D9,"_",E9,"_",B9,"_",F9) -> 10% BSG_Ash_A_1 | D9: 10% BSG | E9: Ash | F9: 1 | G9: 4.1 | H9: 3.0075 | I9: =SUM(_xlfn.XLOOKUP(Table27[[#This Row],[Recipient number]],Extra_RecipientsWeight!A:A,Extra_RecipientsWeight!B:B)+H9) -> 21.4631 | J9: 18.4815 | M9: =(Table27[[#This Row],[Sample Weight (g)]]-(Table27[[#This Row],[Incial Weight (g)]]-Table27[[#This Row],[Final Weight (g)]]))/Table27[[#This Row],[Sample Weight (g)]] -> 0.0086118038 | Q9: 45981 | R9: Check formula and results. It was checked and should be ok
A10: 9 | B10: A | C10: =_xlfn.CONCAT(D10,"_",E10,"_",B10,"_",F10) -> 10% BSG_Ash_A_2 | D10: 10% BSG | E10: Ash | F10: 2 | G10: 16 | H10: 3.0088 | I10: =SUM(_xlfn.XLOOKUP(Table27[[#This Row],[Recipient number]],Extra_RecipientsWeight!A:A,Extra_RecipientsWeight!B:B)+H10) -> 22.0677 | J10: 19.0861 | M10: =(Table27[[#This Row],[Sample Weight (g)]]-(Table27[[#This Row],[Incial Weight (g)]]-Table27[[#This Row],[Final Weight (g)]]))/Table27[[#This Row],[Sample Weight (g)]] -> 0.0090401489 | Q10: 45981 | R10: Check formula and results. It was checked and should be ok
A11: 10 | B11: A | C11: =_xlfn.CONCAT(D11,"_",E11,"_",B11,"_",F11) -> 20% BSG _Ash_A_1 | D11: 20% BSG | E11: Ash | F11: 1 | G11: 23 | H11: 3.0086 | I11: =SUM(_xlfn.XLOOKUP(Table27[[#This Row],[Recipient number]],Extra_RecipientsWeight!A:A,Extra_RecipientsWeight!B:B)+H11) -> 23.6828 | J11: 20.7071 | M11: =(Table27[[#This Row],[Sample Weight (g)]]-(Table27[[#This Row],[Incial Weight (g)]]-Table27[[#This Row],[Final Weight (g)]]))/Table27[[#This Row],[Sample Weight (g)]] -> 0.010935319 | Q11: 45981 | R11: Check formula and results. It was checked and should be ok
A12: 11 | B12: A | C12: =_xlfn.CONCAT(D12,"_",E12,"_",B12,"_",F12) -> 20% BSG _Ash_A_2 | D12: 20% BSG | E12: Ash | F12: 2 | G12: 22.1 | H12: 3.0028 | I12: =SUM(_xlfn.XLOOKUP(Table27[[#This Row],[Recipient number]],Extra_RecipientsWeight!A:A,Extra_RecipientsWeight!B:B)+H12) -> 23.1255 | J12: 20.1533 | M12: =(Table27[[#This Row],[Sample Weight (g)]]-(Table27[[#This Row],[Incial Weight (g)]]-Table27[[#This Row],[Final Weight (g)]]))/Table27[[#This Row],[Sample Weight (g)]] -> 0.010190489 | Q12: 45981 | R12: Check formula and results. It was checked and should be ok
A13: 12 | B13: A | C13: =_xlfn.CONCAT(D13,"_",E13,"_",B13,"_",F13) -> 10% BSG+70ppmE_Ash_A_1 | D13: 10% BSG+70ppmE | E13: Ash | F13: 1 | G13: 3 | H13: 3.0189 | I13: =SUM(_xlfn.XLOOKUP(Table27[[#This Row],[Recipient number]],Extra_RecipientsWeight!A:A,Extra_RecipientsWeight!B:B)+H13) -> 21.6907 | J13: 18.6999 | M13: =(Table27[[#This Row],[Sample Weight (g)]]-(Table27[[#This Row],[Incial Weight (g)]]-Table27[[#This Row],[Final Weight (g)]]))/Table27[[#This Row],[Sample Weight (g)]] -> 0.0093080261 | Q13: 45981 | R13: Check formula and results. It was checked and should be ok
A14: 13 | B14: A | C14: =_xlfn.CONCAT(D14,"_",E14,"_",B14,"_",F14) -> 10% BSG+70ppmE_Ash_A_2 | D14: 10% BSG+70ppmE | E14: Ash | F14: 2 | G14: 2 | H14: 3.0005 | I14: =SUM(_xlfn.XLOOKUP(Table27[[#This Row],[Recipient number]],Extra_RecipientsWeight!A:A,Extra_RecipientsWeight!B:B)+H14) -> 19.8664 | J14: 16.897 | M14: =(Table27[[#This Row],[Sample Weight (g)]]-(Table27[[#This Row],[Incial Weight (g)]]-Table27[[#This Row],[Final Weight (g)]]))/Table27[[#This Row],[Sample Weight (g)]] -> 0.010364939 | Q14: 45981 | R14: Check formula and results. It was checked and should be ok
A15: 14 | B15: A | C15: =_xlfn.CONCAT(D15,"_",E15,"_",B15,"_",F15) -> 20% BSG+70ppmE_Ash_A_1 | D15: 20% BSG+70ppmE | E15: Ash | F15: 1 | G15: 18.1 | H15: 3.0041 | I15: =SUM(_xlfn.XLOOKUP(Table27[[#This Row],[Recipient number]],Extra_RecipientsWeight!A:A,Extra_RecipientsWeight!B:B)+H15) -> 24.1222 | J15: 21.1595 | M15: =(Table27[[#This Row],[Sample Weight (g)]]-(Table27[[#This Row],[Incial Weight (g)]]-Table27[[#This Row],[Final Weight (g)]]))/Table27[[#This Row],[Sample Weight (g)]] -> 0.013781166 | Q15: 45981 | R15: Check formula and results. It was checked and should be ok
A16: 15 | B16: A | C16: =_xlfn.CONCAT(D16,"_",E16,"_",B16,"_",F16) -> 20% BSG+70ppmE_Ash_A_2 | D16: 20% BSG+70ppmE | E16: Ash | F16: 2 | G16: 24 | H16: 3.0148 | I16: =SUM(_xlfn.XLOOKUP(Table27[[#This Row],[Recipient number]],Extra_RecipientsWeight!A:A,Extra_RecipientsWeight!B:B)+H16) -> 23.5268 | J16: 20.5589 | M16: =(Table27[[#This Row],[Sample Weight (g)]]-(Table27[[#This Row],[Incial Weight (g)]]-Table27[[#This Row],[Final Weight (g)]]))/Table27[[#This Row],[Sample Weight (g)]] -> 0.015556588 | Q16: 45981 | R16: Check formula and results. It was checked and should be ok
A17: 16 | B17: A | C17: =_xlfn.CONCAT(D17,"_",E17,"_",B17,"_",F17) -> Flour_Protein_A_1 | D17: Flour | E17: Protein | F17: 1 | H17: 1.0027 | I17: =Table27[[#This Row],[Sample Weight (g)]] -> 1.0027 | N17: 13.8 | O17: 0.1212 | Q17: 45981
A18: 17 | B18: A | C18: =_xlfn.CONCAT(D18,"_",E18,"_",B18,"_",F18) -> Flour_Protein_A_2 | D18: Flour | E18: Protein | F18: 2 | H18: 1.0024 | I18: =Table27[[#This Row],[Sample Weight (g)]] -> 1.0024 | N18: 13.7 | O18: 0.1204 | Q18: 45981
A19: 18 | B19: A | C19: =_xlfn.CONCAT(D19,"_",E19,"_",B19,"_",F19) -> 10% BSG_Protein_A_1 | D19: 10% BSG | E19: Protein | F19: 1 | H19: 1.0114 | I19: =Table27[[#This Row],[Sample Weight (g)]] -> 1.0114 | N19: 15 | O19: 0.1301 | Q19: 45981
A20: 19 | B20: A | C20: =_xlfn.CONCAT(D20,"_",E20,"_",B20,"_",F20) -> 10% BSG_Protein_A_2 | D20: 10% BSG | E20: Protein | F20: 2 | H20: 1.0062 | I20: =Table27[[#This Row],[Sample Weight (g)]] -> 1.0062 | N20: 15.8 | O20: 0.1378 | Q20: 45981
A21: 20 | B21: A | C21: =_xlfn.CONCAT(D21,"_",E21,"_",B21,"_",F21) -> 20% BSG_Protein_A_1 | D21: 20% BSG | E21: Protein | F21: 1 | H21: 1.0123 | I21: =Table27[[#This Row],[Sample Weight (g)]] -> 1.0123 | N21: 16 | O21: 0.1385 | Q21: 45981
A22: 21 | B22: A | C22: =_xlfn.CONCAT(D22,"_",E22,"_",B22,"_",F22) -> 20% BSG_Protein_A_2 | D22: 20% BSG | E22: Protein | F22: 2 | H22: 1.0037 | I22: =Table27[[#This Row],[Sample Weight (g)]] -> 1.0037 | N22: 15.6 | O22: 0.1361 | Q22: 45981
A23: 22 | B23: A | C23: =_xlfn.CONCAT(D23,"_",E23,"_",B23,"_",F23) -> 10% BSG+70ppmE_Protein_A_1 | D23: 10% BSG+70ppmE | E23: Protein | F23: 1 | H23: 1.0028 | I23: =Table27[[#This Row],[Sample Weight (g)]] -> 1.0028 | N23: 14.5 | O23: 0.1266 | Q23: 45981
A24: 23 | B24: A | C24: =_xlfn.CONCAT(D24,"_",E24,"_",B24,"_",F24) -> 10% BSG+70ppmE_Protein_A_2 | D24: 10% BSG+70ppmE | E24: Protein | F24: 2 | H24: 1.0077 | I24: =Table27[[#This Row],[Sample Weight (g)]] -> 1.0077 | N24: 14.6 | O24: 0.127 | Q24: 45981
A25: 24 | B25: A | C25: =_xlfn.CONCAT(D25,"_",E25,"_",B25,"_",F25) -> 20% BSG+70ppmE_Protein_A_1 | D25: 20% BSG+70ppmE | E25: Protein | F25: 1 | H25: 1.0049 | I25: =Table27[[#This Row],[Sample Weight (g)]] -> 1.0049 | N25: 16.3 | O25: 0.142 | Q25: 45981
A26: 25 | B26: A | C26: =_xlfn.CONCAT(D26,"_",E26,"_",B26,"_",F26) -> 20% BSG+70ppmE_Protein_A_2 | D26: 20% BSG+70ppmE | E26: Protein | F26: 2 | H26: 1.0072 | I26: =Table27[[#This Row],[Sample Weight (g)]] -> 1.0072 | N26: 16.1 | O26: 0.1399 | Q26: 45981
A27: 26 | B27: A | C27: =_xlfn.CONCAT(D27,"_",E27,"_",B27,"_",F27) -> Flour_Fibre_A_1 | D27: Flour | E27: Fibre | F27: 1 | I27: =SUM(_xlfn.XLOOKUP(Table27[[#This Row],[Recipient number]],Extra_RecipientsWeight!A:A,Extra_RecipientsWeight!B:B)+H27) -> 0 | P27: 0 | Q27: 46063 | R27: Missing weights
A28: 27 | B28: A | C28: =_xlfn.CONCAT(D28,"_",E28,"_",B28,"_",F28) -> Flour_Fibre_A_2 | D28: Flour | E28: Fibre | F28: 2 | I28: =SUM(_xlfn.XLOOKUP(Table27[[#This Row],[Recipient number]],Extra_RecipientsWeight!A:A,Extra_RecipientsWeight!B:B)+H28) -> 0 | P28: 0 | Q28: 46063 | R28: Missing weights
A29: 28 | B29: A | C29: =_xlfn.CONCAT(D29,"_",E29,"_",B29,"_",F29) -> 10% BSG_Fibre_A_1 | D29: 10% BSG | E29: Fibre | F29: 1 | I29: =SUM(_xlfn.XLOOKUP(Table27[[#This Row],[Recipient number]],Extra_RecipientsWeight!A:A,Extra_RecipientsWeight!B:B)+H29) -> 0 | P29: 0.0114 | Q29: 46063 | R29: Missing weights
A30: 29 | B30: A | C30: =_xlfn.CONCAT(D30,"_",E30,"_",B30,"_",F30) -> 10% BSG_Fibre_A_2 | D30: 10% BSG | E30: Fibre | F30: 2 | I30: =SUM(_xlfn.XLOOKUP(Table27[[#This Row],[Recipient number]],Extra_RecipientsWeight!A:A,Extra_RecipientsWeight!B:B)+H30) -> 0 | P30: 0.0069 | Q30: 46063 | R30: Missing weights
A31: 30 | B31: A | C31: =_xlfn.CONCAT(D31,"_",E31,"_",B31,"_",F31) -> 20% BSG_Fibre_A_1 | D31: 20% BSG | E31: Fibre | F31: 1 | I31: =SUM(_xlfn.XLOOKUP(Table27[[#This Row],[Recipient number]],Extra_RecipientsWeight!A:A,Extra_RecipientsWeight!B:B)+H31) -> 0 | P31: 0.032 | Q31: 46063 | R31: Missing weights
A32: 31 | B32: A | C32: =_xlfn.CONCAT(D32,"_",E32,"_",B32,"_",F32) -> 20% BSG_Fibre_A_2 | D32: 20% BSG | E32: Fibre | F32: 2 | I32: =SUM(_xlfn.XLOOKUP(Table27[[#This Row],[Recipient number]],Extra_RecipientsWeight!A:A,Extra_RecipientsWeight!B:B)+H32) -> 0 | P32: 0.0283 | Q32: 46063 | R32: Missing weights
A33: 32 | B33: A | C33: =_xlfn.CONCAT(D33,"_",E33,"_",B33,"_",F33) -> 10% BSG+70ppmE_Fibre_A_1 | D33: 10% BSG+70ppmE | E33: Fibre | F33: 1 | I33: =SUM(_xlfn.XLOOKUP(Table27[[#This Row],[Recipient number]],Extra_RecipientsWeight!A:A,Extra_RecipientsWeight!B:B)+H33) -> 0 | P33: 0.0129 | Q33: 46063 | R33: Missing weights
A34: 33 | B34: A | C34: =_xlfn.CONCAT(D34,"_",E34,"_",B34,"_",F34) -> 10% BSG+70ppmE_Fibre_A_2 | D34: 10% BSG+70ppmE | E34: Fibre | F34: 2 | I34: =SUM(_xlfn.XLOOKUP(Table27[[#This Row],[Recipient number]],Extra_RecipientsWeight!A:A,Extra_RecipientsWeight!B:B)+H34) -> 0 | P34: 0.0139 | Q34: 46063 | R34: Missing weights
A35: 34 | B35: A | C35: =_xlfn.CONCAT(D35,"_",E35,"_",B35,"_",F35) -> 20% BSG+70ppmE_Fibre_A_1 | D35: 20% BSG+70ppmE | E35: Fibre | F35: 1 | I35: =SUM(_xlfn.XLOOKUP(Table27[[#This Row],[Recipient number]],Extra_RecipientsWeight!A:A,Extra_RecipientsWeight!B:B)+H35) -> 0 | P35: 0.0236 | Q35: 46063 | R35: Missing weights
A36: 35 | B36: A | C36: =_xlfn.CONCAT(D36,"_",E36,"_",B36,"_",F36) -> 20% BSG+70ppmE_Fibre_A_2 | D36: 20% BSG+70ppmE | E36: Fibre | F36: 2 | I36: =SUM(_xlfn.XLOOKUP(Table27[[#This Row],[Recipient number]],Extra_RecipientsWeight!A:A,Extra_RecipientsWeight!B:B)+H36) -> 0 | P36: 0.029 | Q36: 46063 | R36: Missing weights
A37: 36 | B37: B | C37: =_xlfn.CONCAT(D37,"_",E37,"_",B37,"_",F37) -> Flour_Ash_B_1 | D37: Flour | E37: Ash | F37: 1 | I37: =SUM(_xlfn.XLOOKUP(Table27[[#This Row],[Recipient number]],Extra_RecipientsWeight!A:A,Extra_RecipientsWeight!B:B)+H37) -> 0 | M37: 0.0091 | Q37: 46086 | R37: Missing initial and final weight
A38: 37 | B38: B | C38: =_xlfn.CONCAT(D38,"_",E38,"_",B38,"_",F38) -> Flour_Ash_B_2 | D38: Flour | E38: Ash | F38: 2 | I38: =SUM(_xlfn.XLOOKUP(Table27[[#This Row],[Recipient number]],Extra_RecipientsWeight!A:A,Extra_RecipientsWeight!B:B)+H38) -> 0 | M38: 0.0083 | Q38: 46086 | R38: Missing initial and final weight
A39: 38 | B39: B | C39: =_xlfn.CONCAT(D39,"_",E39,"_",B39,"_",F39) -> 10% BSG+70ppmE_Ash_B_1 | D39: 10% BSG+70ppmE | E39: Ash | F39: 1 | I39: =SUM(_xlfn.XLOOKUP(Table27[[#This Row],[Recipient number]],Extra_RecipientsWeight!A:A,Extra_RecipientsWeight!B:B)+H39) -> 0 | M39: 0.0136 | Q39: 46086 | R39: Missing initial and final weight
A40: 39 | B40: B | C40: =_xlfn.CONCAT(D40,"_",E40,"_",B40,"_",F40) -> 10% BSG+70ppmE_Ash_B_2 | D40: 10% BSG+70ppmE | E40: Ash | F40: 2 | I40: =SUM(_xlfn.XLOOKUP(Table27[[#This Row],[Recipient number]],Extra_RecipientsWeight!A:A,Extra_RecipientsWeight!B:B)+H40) -> 0 | M40: 0.0117 | Q40: 46086 | R40: Missing initial and final weight
A41: 40 | B41: B | C41: =_xlfn.CONCAT(D41,"_",E41,"_",B41,"_",F41) -> 20% BSG+70ppmE_Ash_B_1 | D41: 20% BSG+70ppmE | E41: Ash | F41: 1 | I41: =SUM(_xlfn.XLOOKUP(Table27[[#This Row],[Recipient number]],Extra_RecipientsWeight!A:A,Extra_RecipientsWeight!B:B)+H41) -> 0 | M41: 0.0155 | Q41: 46086 | R41: Missing initial and final weight
A42: 41 | B42: B | C42: =_xlfn.CONCAT(D42,"_",E42,"_",B42,"_",F42) -> 20% BSG+70ppmE_Ash_B_2 | D42: 20% BSG+70ppmE | E42: Ash | F42: 2 | I42: =SUM(_xlfn.XLOOKUP(Table27[[#This Row],[Recipient number]],Extra_RecipientsWeight!A:A,Extra_RecipientsWeight!B:B)+H42) -> 0 | M42: 0.016 | Q42: 46086 | R42: Missing initial and final weight
A43: 42 | B43: B | C43: =_xlfn.CONCAT(D43,"_",E43,"_",B43,"_",F43) -> 10% BSG_fraction+70ppmE_Ash_B_1 | D43: 10% BSG_fraction+70ppmE | E43: Ash | F43: 1 | I43: =SUM(_xlfn.XLOOKUP(Table27[[#This Row],[Recipient number]],Extra_RecipientsWeight!A:A,Extra_RecipientsWeight!B:B)+H43) -> 0 | M43: 0.0101 | Q43: 46086 | R43: Missing initial and final weight
A44: 43 | B44: B | C44: =_xlfn.CONCAT(D44,"_",E44,"_",B44,"_",F44) -> 10% BSG_fraction+70ppmE_Ash_B_2 | D44: 10% BSG_fraction+70ppmE | E44: Ash | F44: 2 | I44: =SUM(_xlfn.XLOOKUP(Table27[[#This Row],[Recipient number]],Extra_RecipientsWeight!A:A,Extra_RecipientsWeight!B:B)+H44) -> 0 | M44: 0.0124 | Q44: 46086 | R44: Missing initial and final weight
A45: 44 | B45: B | C45: =_xlfn.CONCAT(D45,"_",E45,"_",B45,"_",F45) -> 20% BSG_fraction+70ppmE_Ash_B_1 | D45: 20% BSG_fraction+70ppmE | E45: Ash | F45: 1 | I45: =SUM(_xlfn.XLOOKUP(Table27[[#This Row],[Recipient number]],Extra_RecipientsWeight!A:A,Extra_RecipientsWeight!B:B)+H45) -> 0 | M45: 0.016 | Q45: 46086 | R45: Missing initial and final weight
A46: 45 | B46: B | C46: =_xlfn.CONCAT(D46,"_",E46,"_",B46,"_",F46) -> 20% BSG_fraction+70ppmE_Ash_B_2 | D46: 20% BSG_fraction+70ppmE | E46: Ash | F46: 2 | I46: =SUM(_xlfn.XLOOKUP(Table27[[#This Row],[Recipient number]],Extra_RecipientsWeight!A:A,Extra_RecipientsWeight!B:B)+H46) -> 0 | M46: 0.0143 | Q46: 46086 | R46: Missing initial and final weight
A47: 46 | B47: B | C47: =_xlfn.CONCAT(D47,"_",E47,"_",B47,"_",F47) -> 10% BSG+140ppmE_Ash_B_1 | D47: 10% BSG+140ppmE | E47: Ash | F47: 1 | I47: =SUM(_xlfn.XLOOKUP(Table27[[#This Row],[Recipient number]],Extra_RecipientsWeight!A:A,Extra_RecipientsWeight!B:B)+H47) -> 0 | M47: 0.0142 | Q47: 46086 | R47: Missing initial and final weight
A48: 47 | B48: B | C48: =_xlfn.CONCAT(D48,"_",E48,"_",B48,"_",F48) -> 10% BSG+140ppmE_Ash_B_2 | D48: 10% BSG+140ppmE | E48: Ash | F48: 2 | I48: =SUM(_xlfn.XLOOKUP(Table27[[#This Row],[Recipient number]],Extra_RecipientsWeight!A:A,Extra_RecipientsWeight!B:B)+H48) -> 0 | M48: 0.0147 | Q48: 46086 | R48: Missing initial and final weight
... A54: 53 | B54: B | C54: =_xlfn.CONCAT(D54,"_",E54,"_",B54,"_",F54) -> 20% BSG_fraction+140ppmE_Ash_B_2 | D54: 20% BSG_fraction+140ppmE | E54: Ash | F54: 2 | I54: =SUM(_xlfn.XLOOKUP(Table27[[#This Row],[Recipient number]],Extra_RecipientsWeight!A:A,Extra_RecipientsWeight!B:B)+H54) -> 0 | M54: 0.0135 | Q54: 46086 | R54: Missing initial and final weight
A55: 54 | B55: B | C55: =_xlfn.CONCAT(D55,"_",E55,"_",B55,"_",F55) -> Flour_Fibre_B_1 | D55: Flour | E55: Fibre | F55: 1 | I55: =SUM(_xlfn.XLOOKUP(Table27[[#This Row],[Recipient number]],Extra_RecipientsWeight!A:A,Extra_RecipientsWeight!B:B)+H55) -> 0 | P55: 0 | Q55: 46107 | R55: Missing weights
A56: 55 | B56: B | C56: =_xlfn.CONCAT(D56,"_",E56,"_",B56,"_",F56) -> Flour_Fibre_B_2 | D56: Flour | E56: Fibre | F56: 2 | I56: =SUM(_xlfn.XLOOKUP(Table27[[#This Row],[Recipient number]],Extra_RecipientsWeight!A:A,Extra_RecipientsWeight!B:B)+H56) -> 0 | P56: 0 | Q56: 46107 | R56: Missing weights
A57: 56 | B57: B | C57: =_xlfn.CONCAT(D57,"_",E57,"_",B57,"_",F57) -> 10% BSG+70ppmE_Fibre_B_1 | D57: 10% BSG+70ppmE | E57: Fibre | F57: 1 | I57: =SUM(_xlfn.XLOOKUP(Table27[[#This Row],[Recipient number]],Extra_RecipientsWeight!A:A,Extra_RecipientsWeight!B:B)+H57) -> 0 | P57: 0.0004 | Q57: 46107 | R57: Missing weights
A58: 57 | B58: B | C58: =_xlfn.CONCAT(D58,"_",E58,"_",B58,"_",F58) -> 10% BSG+70ppmE_Fibre_B_2 | D58: 10% BSG+70ppmE | E58: Fibre | F58: 2 | I58: =SUM(_xlfn.XLOOKUP(Table27[[#This Row],[Recipient number]],Extra_RecipientsWeight!A:A,Extra_RecipientsWeight!B:B)+H58) -> 0 | P58: 0.005 | Q58: 46107 | R58: Missing weights
A59: 58 | B59: B | C59: =_xlfn.CONCAT(D59,"_",E59,"_",B59,"_",F59) -> 20% BSG+70ppmE_Fibre_B_1 | D59: 20% BSG+70ppmE | E59: Fibre | F59: 1 | I59: =SUM(_xlfn.XLOOKUP(Table27[[#This Row],[Recipient number]],Extra_RecipientsWeight!A:A,Extra_RecipientsWeight!B:B)+H59) -> 0 | P59: 0.0196 | Q59: 46107 | R59: Missing weights
A60: 59 | B60: B | C60: =_xlfn.CONCAT(D60,"_",E60,"_",B60,"_",F60) -> 20% BSG+70ppmE_Fibre_B_2 | D60: 20% BSG+70ppmE | E60: Fibre | F60: 2 | I60: =SUM(_xlfn.XLOOKUP(Table27[[#This Row],[Recipient number]],Extra_RecipientsWeight!A:A,Extra_RecipientsWeight!B:B)+H60) -> 0 | P60: 0.0161 | Q60: 46107 | R60: Missing weights
A61: 60 | B61: B | C61: =_xlfn.CONCAT(D61,"_",E61,"_",B61,"_",F61) -> 10% BSG_fraction+70ppmE_Fibre_B_1 | D61: 10% BSG_fraction+70ppmE | E61: Fibre | F61: 1 | I61: =SUM(_xlfn.XLOOKUP(Table27[[#This Row],[Recipient number]],Extra_RecipientsWeight!A:A,Extra_RecipientsWeight!B:B)+H61) -> 0 | P61: 0 | Q61: 46107 | R61: Missing weights
A62: 61 | B62: B | C62: =_xlfn.CONCAT(D62,"_",E62,"_",B62,"_",F62) -> 10% BSG_fraction+70ppmE_Fibre_B_2 | D62: 10% BSG_fraction+70ppmE | E62: Fibre | F62: 2 | I62: =SUM(_xlfn.XLOOKUP(Table27[[#This Row],[Recipient number]],Extra_RecipientsWeight!A:A,Extra_RecipientsWeight!B:B)+H62) -> 0 | P62: 0 | Q62: 46107 | R62: Missing weights
A63: 62 | B63: B | C63: =_xlfn.CONCAT(D63,"_",E63,"_",B63,"_",F63) -> 20% BSG_fraction+70ppmE_Fibre_B_1 | D63: 20% BSG_fraction+70ppmE | E63: Fibre | F63: 1 | I63: =SUM(_xlfn.XLOOKUP(Table27[[#This Row],[Recipient number]],Extra_RecipientsWeight!A:A,Extra_RecipientsWeight!B:B)+H63) -> 0 | P63: 0.0066 | Q63: 46107 | R63: Missing weights
A64: 63 | B64: B | C64: =_xlfn.CONCAT(D64,"_",E64,"_",B64,"_",F64) -> 20% BSG_fraction+70ppmE_Fibre_B_2 | D64: 20% BSG_fraction+70ppmE | E64: Fibre | F64: 2 | I64: =SUM(_xlfn.XLOOKUP(Table27[[#This Row],[Recipient number]],Extra_RecipientsWeight!A:A,Extra_RecipientsWeight!B:B)+H64) -> 0 | P64: 0.0052 | Q64: 46107 | R64: Missing weights
A65: 64 | B65: B | C65: =_xlfn.CONCAT(D65,"_",E65,"_",B65,"_",F65) -> 10% BSG+140ppmE_Fibre_B_1 | D65: 10% BSG+140ppmE | E65: Fibre | F65: 1 | I65: =SUM(_xlfn.XLOOKUP(Table27[[#This Row],[Recipient number]],Extra_RecipientsWeight!A:A,Extra_RecipientsWeight!B:B)+H65) -> 0 | P65: 0.0022 | Q65: 46107 | R65: Missing weights
A66: 65 | B66: B | C66: =_xlfn.CONCAT(D66,"_",E66,"_",B66,"_",F66) -> 10% BSG+140ppmE_Fibre_B_2 | D66: 10% BSG+140ppmE | E66: Fibre | F66: 2 | I66: =SUM(_xlfn.XLOOKUP(Table27[[#This Row],[Recipient number]],Extra_RecipientsWeight!A:A,Extra_RecipientsWeight!B:B)+H66) -> 0 | P66: 0.0022 | Q66: 46107 | R66: Missing weights
... A72: 71 | B72: B | C72: =_xlfn.CONCAT(D72,"_",E72,"_",B72,"_",F72) -> 20% BSG_fraction+140ppmE_Fibre_B_2 | D72: 20% BSG_fraction+140ppmE | E72: Fibre | F72: 2 | I72: =SUM(_xlfn.XLOOKUP(Table27[[#This Row],[Recipient number]],Extra_RecipientsWeight!A:A,Extra_RecipientsWeight!B:B)+H72) -> 0 | P72: 0 | Q72: 46107 | R72: Missing weights
A73: 72 | B73: B | C73: =_xlfn.CONCAT(D73,"_",E73,"_",B73,"_",F73) -> Flour_Moisture_B_1 | D73: Flour | E73: Moisture | F73: 1 | I73: =SUM(_xlfn.XLOOKUP(Table27[[#This Row],[Recipient number]],Extra_RecipientsWeight!A:A,Extra_RecipientsWeight!B:B)+H73) -> 0 | K73: 0.0869 | L73: =1-K73 -> 0.9131 | Q73: 46086 | R73: Missing initial and final weight
A74: 73 | B74: B | C74: =_xlfn.CONCAT(D74,"_",E74,"_",B74,"_",F74) -> 10% BSG+70ppmE_Moisture_B_1 | D74: 10% BSG+70ppmE | E74: Moisture | F74: 1 | I74: =SUM(_xlfn.XLOOKUP(Table27[[#This Row],[Recipient number]],Extra_RecipientsWeight!A:A,Extra_RecipientsWeight!B:B)+H74) -> 0 | K74: 0.0874 | L74: =1-K74 -> 0.9126 | Q74: 46086 | R74: Missing initial and final weight
A75: 74 | B75: B | C75: =_xlfn.CONCAT(D75,"_",E75,"_",B75,"_",F75) -> 20% BSG+70ppmE_Moisture_B_1 | D75: 20% BSG+70ppmE | E75: Moisture | F75: 1 | I75: =SUM(_xlfn.XLOOKUP(Table27[[#This Row],[Recipient number]],Extra_RecipientsWeight!A:A,Extra_RecipientsWeight!B:B)+H75) -> 0 | K75: 0.0863 | L75: =1-K75 -> 0.9137 | Q75: 46086 | R75: Missing initial and final weight
A76: 75 | B76: B | C76: =_xlfn.CONCAT(D76,"_",E76,"_",B76,"_",F76) -> 10% BSG_fraction+70ppmE_Moisture_B_1 | D76: 10% BSG_fraction+70ppmE | E76: Moisture | F76: 1 | I76: =SUM(_xlfn.XLOOKUP(Table27[[#This Row],[Recipient number]],Extra_RecipientsWeight!A:A,Extra_RecipientsWeight!B:B)+H76) -> 0 | K76: 0.0866 | L76: =1-K76 -> 0.9134 | Q76: 46086 | R76: Missing initial and final weight
A77: 76 | B77: B | C77: =_xlfn.CONCAT(D77,"_",E77,"_",B77,"_",F77) -> 20% BSG_fraction+70ppmE_Moisture_B_1 | D77: 20% BSG_fraction+70ppmE | E77: Moisture | F77: 1 | I77: =SUM(_xlfn.XLOOKUP(Table27[[#This Row],[Recipient number]],Extra_RecipientsWeight!A:A,Extra_RecipientsWeight!B:B)+H77) -> 0 | K77: 0.0849 | L77: =1-K77 -> 0.9151 | Q77: 46086 | R77: Missing initial and final weight
A78: 77 | B78: B | C78: =_xlfn.CONCAT(D78,"_",E78,"_",B78,"_",F78) -> 10% BSG+140ppmE_Moisture_B_1 | D78: 10% BSG+140ppmE | E78: Moisture | F78: 1 | I78: =SUM(_xlfn.XLOOKUP(Table27[[#This Row],[Recipient number]],Extra_RecipientsWeight!A:A,Extra_RecipientsWeight!B:B)+H78) -> 0 | K78: 0.0857 | L78: =1-K78 -> 0.9143 | Q78: 46086 | R78: Missing initial and final weight
A79: 78 | B79: B | C79: =_xlfn.CONCAT(D79,"_",E79,"_",B79,"_",F79) -> 20% BSG+140ppmE_Moisture_B_1 | D79: 20% BSG+140ppmE | E79: Moisture | F79: 1 | I79: =SUM(_xlfn.XLOOKUP(Table27[[#This Row],[Recipient number]],Extra_RecipientsWeight!A:A,Extra_RecipientsWeight!B:B)+H79) -> 0 | K79: 0.0852 | L79: =1-K79 -> 0.9148 | Q79: 46086 | R79: Missing initial and final weight
A80: 79 | B80: B | C80: =_xlfn.CONCAT(D80,"_",E80,"_",B80,"_",F80) -> 10% BSG_fraction+140ppmE_Moisture_B_1 | D80: 10% BSG_fraction+140ppmE | E80: Moisture | F80: 1 | I80: =SUM(_xlfn.XLOOKUP(Table27[[#This Row],[Recipient number]],Extra_RecipientsWeight!A:A,Extra_RecipientsWeight!B:B)+H80) -> 0 | K80: 0.0866 | L80: =1-K80 -> 0.9134 | Q80: 46086 | R80: Missing initial and final weight
A81: 80 | B81: B | C81: =_xlfn.CONCAT(D81,"_",E81,"_",B81,"_",F81) -> 20% BSG_fraction+140ppmE_Moisture_B_1 | D81: 20% BSG_fraction+140ppmE | E81: Moisture | F81: 1 | I81: =SUM(_xlfn.XLOOKUP(Table27[[#This Row],[Recipient number]],Extra_RecipientsWeight!A:A,Extra_RecipientsWeight!B:B)+H81) -> 0 | K81: 0.0835 | L81: =1-K81 -> 0.9165 | Q81: 46086 | R81: Missing initial and final weight
A82: 81 | B82: B | C82: =_xlfn.CONCAT(D82,"_",E82,"_",B82,"_",F82) -> Flour_Protein_B_1 | D82: Flour | E82: Protein | F82: 1 | I82: =Table27[[#This Row],[Sample Weight (g)]] -> 0 | O82: 0.1097 | Q82: 46086 | R82: Missing Sample weight & Consumption of acid
A83: 82 | B83: B | C83: =_xlfn.CONCAT(D83,"_",E83,"_",B83,"_",F83) -> Flour_Protein_B_2 | D83: Flour | E83: Protein | F83: 2 | I83: =Table27[[#This Row],[Sample Weight (g)]] -> 0 | O83: 0.1053 | Q83: 46086 | R83: Missing Sample weight & Consumption of acid
A84: 83 | B84: B | C84: =_xlfn.CONCAT(D84,"_",E84,"_",B84,"_",F84) -> 10% BSG+70ppmE_Protein_B_1 | D84: 10% BSG+70ppmE | E84: Protein | F84: 1 | I84: =Table27[[#This Row],[Sample Weight (g)]] -> 0 | O84: 0.1122 | Q84: 46086 | R84: Missing Sample weight & Consumption of acid
A85: 84 | B85: B | C85: =_xlfn.CONCAT(D85,"_",E85,"_",B85,"_",F85) -> 10% BSG+70ppmE_Protein_B_2 | D85: 10% BSG+70ppmE | E85: Protein | F85: 2 | I85: =Table27[[#This Row],[Sample Weight (g)]] -> 0 | O85: 0.1091 | Q85: 46086 | R85: Missing Sample weight & Consumption of acid
A86: 85 | B86: B | C86: =_xlfn.CONCAT(D86,"_",E86,"_",B86,"_",F86) -> 20% BSG+70ppmE_Protein_B_1 | D86: 20% BSG+70ppmE | E86: Protein | F86: 1 | I86: =Table27[[#This Row],[Sample Weight (g)]] -> 0 | O86: 0.1145 | Q86: 46086 | R86: Missing Sample weight & Consumption of acid
A87: 86 | B87: B | C87: =_xlfn.CONCAT(D87,"_",E87,"_",B87,"_",F87) -> 20% BSG+70ppmE_Protein_B_2 | D87: 20% BSG+70ppmE | E87: Protein | F87: 2 | I87: =Table27[[#This Row],[Sample Weight (g)]] -> 0 | O87: 0.1136 | Q87: 46086 | R87: Missing Sample weight & Consumption of acid
A88: 87 | B88: B | C88: =_xlfn.CONCAT(D88,"_",E88,"_",B88,"_",F88) -> 10% BSG_fraction+70ppmE_Protein_B_1 | D88: 10% BSG_fraction+70ppmE | E88: Protein | F88: 1 | I88: =Table27[[#This Row],[Sample Weight (g)]] -> 0 | O88: 0.1146 | Q88: 46086 | R88: Missing Sample weight & Consumption of acid
A89: 88 | B89: B | C89: =_xlfn.CONCAT(D89,"_",E89,"_",B89,"_",F89) -> 10% BSG_fraction+70ppmE_Protein_B_2 | D89: 10% BSG_fraction+70ppmE | E89: Protein | F89: 2 | I89: =Table27[[#This Row],[Sample Weight (g)]] -> 0 | O89: 0.1303 | Q89: 46086 | R89: Missing Sample weight & Consumption of acid
A90: 89 | B90: B | C90: =_xlfn.CONCAT(D90,"_",E90,"_",B90,"_",F90) -> 20% BSG_fraction+70ppmE_Protein_B_1 | D90: 20% BSG_fraction+70ppmE | E90: Protein | F90: 1 | I90: =Table27[[#This Row],[Sample Weight (g)]] -> 0 | O90: 0.1422 | Q90: 46086 | R90: Missing Sample weight & Consumption of acid
A91: 90 | B91: B | C91: =_xlfn.CONCAT(D91,"_",E91,"_",B91,"_",F91) -> 20% BSG_fraction+70ppmE_Protein_B_2 | D91: 20% BSG_fraction+70ppmE | E91: Protein | F91: 2 | I91: =Table27[[#This Row],[Sample Weight (g)]] -> 0 | O91: 0.1478 | Q91: 46086 | R91: Missing Sample weight & Consumption of acid
A92: 91 | B92: B | C92: =_xlfn.CONCAT(D92,"_",E92,"_",B92,"_",F92) -> 10% BSG+140ppmE_Protein_B_1 | D92: 10% BSG+140ppmE | E92: Protein | F92: 1 | I92: =Table27[[#This Row],[Sample Weight (g)]] -> 0 | O92: 0.1231 | Q92: 46086 | R92: Missing Sample weight & Consumption of acid
A93: 92 | B93: B | C93: =_xlfn.CONCAT(D93,"_",E93,"_",B93,"_",F93) -> 10% BSG+140ppmE_Protein_B_2 | D93: 10% BSG+140ppmE | E93: Protein | F93: 2 | I93: =Table27[[#This Row],[Sample Weight (g)]] -> 0 | O93: 0.1221 | Q93: 46086 | R93: Missing Sample weight & Consumption of acid
... A99: 98 | B99: B | C99: =_xlfn.CONCAT(D99,"_",E99,"_",B99,"_",F99) -> 20% BSG_fraction+140ppmE_Protein_B_2 | D99: 20% BSG_fraction+140ppmE | E99: Protein | F99: 2 | I99: =Table27[[#This Row],[Sample Weight (g)]] -> 0 | O99: 0.1373 | Q99: 46086 | R99: Missing Sample weight & Consumption of acid

Sheet 5_Sensorial
A1: Panelist | B1: Sample | C1: Test | D1: Bread overall appearance & shape | F1: Surface of crust | H1: Proofing & appearance of crumb | J1: Structure & elasticity of crumb | L1: Smell & Taste overall | N1: Overall points | O1: Date
D2: Value | E2: Weighting factor | F2: Value | G2: Weighting factor | H2: Value | I2: Weighting factor | J2: Value | K2: Weighting factor | L2: Value | M2: Weighting factor | N2: Value
A3: 1 | B3: Flour | C3: 1 | D3: 4.5 | E3: 1 | F3: 4.5 | G3: 2 | H3: 4.5 | I3: 4 | J3: 5 | K3: 4 | L3: 5 | M3: 9 | N3: =D3*E3+F3*G3+H3*I3+J3*K3+L3*M3 -> 96.5 | O3: Jan
B4: 10% BSG | C4: 1 | D4: 4 | E4: 1 | F4: 4.5 | G4: 2 | H4: 4.5 | I4: 4 | J4: 4.5 | K4: 4 | L4: 3.5 | M4: 9 | N4: =D4*E4+F4*G4+H4*I4+J4*K4+L4*M4 -> 80.5 | O4: Jan
B5: 20% BSG | C5: 1 | D5: 2.5 | E5: 1 | F5: 2.5 | G5: 2 | H5: 2 | I5: 4 | J5: 4 | K5: 4 | L5: 3 | M5: 9 | N5: =D5*E5+F5*G5+H5*I5+J5*K5+L5*M5 -> 58.5 | O5: Jan
B6: 10% BSG+70ppmE | C6: 1 | D6: 4 | E6: 1 | F6: 4 | G6: 2 | H6: 3.5 | I6: 4 | J6: 5 | K6: 4 | L6: 2.5 | M6: 9 | N6: =D6*E6+F6*G6+H6*I6+J6*K6+L6*M6 -> 68.5 | O6: Jan
B7: 20% BSG+70ppmE | C7: 1 | D7: 3 | E7: 1 | F7: 3 | G7: 2 | H7: 3 | I7: 4 | J7: 3.5 | K7: 4 | L7: 2.5 | M7: 9 | N7: =D7*E7+F7*G7+H7*I7+J7*K7+L7*M7 -> 57.5 | O7: Jan
A8: 2 | B8: Flour | C8: 1 | D8: 5 | E8: 1 | F8: 3 | G8: 2 | H8: 3 | I8: 4 | J8: 3 | K8: 4 | L8: 4 | M8: 9 | N8: =D8*E8+F8*G8+H8*I8+J8*K8+L8*M8 -> 71 | O8: Jan
B9: 10% BSG | C9: 1 | D9: 5 | E9: 1 | F9: 3 | G9: 2 | H9: 4 | I9: 4 | J9: 3 | K9: 4 | L9: 4 | M9: 9 | N9: =D9*E9+F9*G9+H9*I9+J9*K9+L9*M9 -> 75 | O9: Jan
B10: 20% BSG | C10: 1 | D10: 3 | E10: 1 | F10: 3 | G10: 2 | H10: 4 | I10: 4 | J10: 4 | K10: 4 | L10: 5 | M10: 9 | N10: =D10*E10+F10*G10+H10*I10+J10*K10+L10*M10 -> 86 | O10: Jan
B11: 10% BSG+70ppmE | C11: 1 | D11: 4 | E11: 1 | F11: 4 | G11: 2 | H11: 5 | I11: 4 | J11: 4 | K11: 4 | L11: 4 | M11: 9 | N11: =D11*E11+F11*G11+H11*I11+J11*K11+L11*M11 -> 84 | O11: Jan
B12: 20% BSG+70ppmE | C12: 1 | D12: 4 | E12: 1 | F12: 5 | G12: 2 | H12: 4 | I12: 4 | J12: 5 | K12: 4 | L12: 5 | M12: 9 | N12: =D12*E12+F12*G12+H12*I12+J12*K12+L12*M12 -> 95 | O12: Jan
A13: 3 | B13: Flour | C13: 1 | D13: 4 | E13: 1 | F13: 4 | G13: 2 | H13: 4 | I13: 4 | J13: 4 | K13: 4 | L13: 4.5 | M13: 9 | N13: =D13*E13+F13*G13+H13*I13+J13*K13+L13*M13 -> 84.5 | O13: Jan
B14: 10% BSG | C14: 1 | D14: 3.5 | E14: 1 | F14: 4 | G14: 2 | H14: 3.5 | I14: 4 | J14: 3.5 | K14: 4 | L14: 4 | M14: 9 | N14: =D14*E14+F14*G14+H14*I14+J14*K14+L14*M14 -> 75.5 | O14: Jan
B15: 20% BSG | C15: 1 | D15: 3 | E15: 1 | F15: 2.5 | G15: 2 | H15: 2 | I15: 4 | J15: 3 | K15: 4 | L15: 3 | M15: 9 | N15: =D15*E15+F15*G15+H15*I15+J15*K15+L15*M15 -> 55 | O15: Jan
B16: 10% BSG+70ppmE | C16: 1 | D16: 3.5 | E16: 1 | F16: 3.5 | G16: 2 | H16: 3 | I16: 4 | J16: 3 | K16: 4 | L16: 2.5 | M16: 9 | N16: =D16*E16+F16*G16+H16*I16+J16*K16+L16*M16 -> 57 | O16: Jan
B17: 20% BSG+70ppmE | C17: 1 | D17: 2.5 | E17: 1 | F17: 3 | G17: 2 | H17: 2.5 | I17: 4 | J17: 2.5 | K17: 4 | L17: 2.5 | M17: 9 | N17: =D17*E17+F17*G17+H17*I17+J17*K17+L17*M17 -> 51 | O17: Jan
A18: 4 | B18: Flour | C18: 1 | D18: 4 | E18: 1 | F18: 4 | G18: 2 | H18: 4.5 | I18: 4 | J18: 4.5 | K18: 4 | L18: 4.5 | M18: 9 | N18: =D18*E18+F18*G18+H18*I18+J18*K18+L18*M18 -> 88.5 | O18: Jan
B19: 10% BSG | C19: 1 | D19: 3.5 | E19: 1 | F19: 3.5 | G19: 2 | H19: 4 | I19: 4 | J19: 4 | K19: 4 | L19: 4 | M19: 9 | N19: =D19*E19+F19*G19+H19*I19+J19*K19+L19*M19 -> 78.5 | O19: Jan
B20: 20% BSG | C20: 1 | D20: 2 | E20: 1 | F20: 2 | G20: 2 | H20: 3.5 | I20: 4 | J20: 3 | K20: 4 | L20: 4 | M20: 9 | N20: =D20*E20+F20*G20+H20*I20+J20*K20+L20*M20 -> 68 | O20: Jan
B21: 10% BSG+70ppmE | C21: 1 | D21: 2.5 | E21: 1 | F21: 2.5 | G21: 2 | H21: 3 | I21: 4 | J21: 3 | K21: 4 | L21: 4 | M21: 9 | N21: =D21*E21+F21*G21+H21*I21+J21*K21+L21*M21 -> 67.5 | O21: Jan
B22: 20% BSG+70ppmE | C22: 1 | D22: 2 | E22: 1 | F22: 2 | G22: 2 | H22: 2.5 | I22: 4 | J22: 2.5 | K22: 4 | L22: 3.5 | M22: 9 | N22: =D22*E22+F22*G22+H22*I22+J22*K22+L22*M22 -> 57.5 | O22: Jan
A23: 5 | B23: Flour | C23: 1 | D23: 4 | E23: 1 | F23: 4 | G23: 2 | H23: 4 | I23: 4 | J23: 4 | K23: 4 | L23: 4 | M23: 9 | N23: =D23*E23+F23*G23+H23*I23+J23*K23+L23*M23 -> 80 | O23: Jan
B24: 10% BSG | C24: 1 | D24: 5 | E24: 1 | F24: 4 | G24: 2 | H24: 5 | I24: 4 | J24: 5 | K24: 4 | L24: 3 | M24: 9 | N24: =D24*E24+F24*G24+H24*I24+J24*K24+L24*M24 -> 80 | O24: Jan
B25: 20% BSG | C25: 1 | D25: 3 | E25: 1 | F25: 4 | G25: 2 | H25: 3 | I25: 4 | J25: 3 | K25: 4 | L25: 2 | M25: 9 | N25: =D25*E25+F25*G25+H25*I25+J25*K25+L25*M25 -> 53 | O25: Jan
B26: 10% BSG+70ppmE | C26: 1 | D26: 4 | E26: 1 | F26: 5 | G26: 2 | H26: 3 | I26: 4 | J26: 3 | K26: 4 | L26: 2 | M26: 9 | N26: =D26*E26+F26*G26+H26*I26+J26*K26+L26*M26 -> 56 | O26: Jan
B27: 20% BSG+70ppmE | C27: 1 | D27: 3 | E27: 1 | F27: 4 | G27: 2 | H27: 3 | I27: 4 | J27: 2 | K27: 4 | L27: 1 | M27: 9 | N27: =D27*E27+F27*G27+H27*I27+J27*K27+L27*M27 -> 40 | O27: Jan
A28: 6 | B28: Flour | C28: 1 | D28: 4 | E28: 1 | F28: 4 | G28: 2 | H28: 3.5 | I28: 4 | J28: 4.5 | K28: 4 | L28: 4 | M28: 9 | N28: =D28*E28+F28*G28+H28*I28+J28*K28+L28*M28 -> 80 | O28: Jan
B29: 10% BSG | C29: 1 | D29: 3.5 | E29: 1 | F29: 4 | G29: 2 | H29: 3 | I29: 4 | J29: 4 | K29: 4 | L29: 3.5 | M29: 9 | N29: =D29*E29+F29*G29+H29*I29+J29*K29+L29*M29 -> 71 | O29: Jan
B30: 20% BSG | C30: 1 | D30: 2 | E30: 1 | F30: 2 | G30: 2 | H30: 1 | I30: 4 | J30: 1 | K30: 4 | L30: 1 | M30: 9 | N30: =D30*E30+F30*G30+H30*I30+J30*K30+L30*M30 -> 23 | O30: Jan
B31: 10% BSG+70ppmE | C31: 1 | D31: 3.5 | E31: 1 | F31: 3.5 | G31: 2 | H31: 3.5 | I31: 4 | J31: 3.5 | K31: 4 | L31: 3.5 | M31: 9 | N31: =D31*E31+F31*G31+H31*I31+J31*K31+L31*M31 -> 70 | O31: Jan
B32: 20% BSG+70ppmE | C32: 1 | D32: 2 | E32: 1 | F32: 2.5 | G32: 2 | H32: 1 | I32: 4 | J32: 1 | K32: 4 | L32: 1 | M32: 9 | N32: =D32*E32+F32*G32+H32*I32+J32*K32+L32*M32 -> 24 | O32: Jan
A33: 7 | B33: Flour | C33: 1 | D33: 4 | E33: 1 | F33: 4 | G33: 2 | H33: 4 | I33: 4 | J33: 4 | K33: 4 | L33: 4 | M33: 9 | N33: =D33*E33+F33*G33+H33*I33+J33*K33+L33*M33 -> 80 | O33: Jan
B34: 10% BSG | C34: 1 | D34: 4 | E34: 1 | F34: 4 | G34: 2 | H34: 4 | I34: 4 | J34: 4.5 | K34: 4 | L34: 4.5 | M34: 9 | N34: =D34*E34+F34*G34+H34*I34+J34*K34+L34*M34 -> 86.5 | O34: Jan
B35: 20% BSG | C35: 1 | D35: 2.5 | E35: 1 | F35: 2.5 | G35: 2 | H35: 2.5 | I35: 4 | J35: 2.5 | K35: 4 | L35: 2.5 | M35: 9 | N35: =D35*E35+F35*G35+H35*I35+J35*K35+L35*M35 -> 50 | O35: Jan
B36: 10% BSG+70ppmE | C36: 1 | D36: 3 | E36: 1 | F36: 3 | G36: 2 | H36: 3 | I36: 4 | J36: 2.5 | K36: 4 | L36: 2 | M36: 9 | N36: =D36*E36+F36*G36+H36*I36+J36*K36+L36*M36 -> 49 | O36: Jan
B37: 20% BSG+70ppmE | C37: 1 | D37: 2.5 | E37: 1 | F37: 2.5 | G37: 2 | H37: 2.5 | I37: 4 | J37: 2 | K37: 4 | L37: 2 | M37: 9 | N37: =D37*E37+F37*G37+H37*I37+J37*K37+L37*M37 -> 43.5 | O37: Jan
A38: 8 | B38: Flour | C38: 1 | D38: 4 | E38: 1 | F38: 4 | G38: 2 | H38: 4 | I38: 4 | J38: 4 | K38: 4 | L38: 4 | M38: 9 | N38: =D38*E38+F38*G38+H38*I38+J38*K38+L38*M38 -> 80 | O38: Jan
B39: 10% BSG | C39: 1 | D39: 4 | E39: 1 | F39: 4 | G39: 2 | H39: 3.5 | I39: 4 | J39: 3.5 | K39: 4 | L39: 3 | M39: 9 | N39: =D39*E39+F39*G39+H39*I39+J39*K39+L39*M39 -> 67 | O39: Jan
B40: 20% BSG | C40: 1 | D40: 2.5 | E40: 1 | F40: 2.5 | G40: 2 | H40: 2.5 | I40: 4 | J40: 2 | K40: 4 | L40: 2 | M40: 9 | N40: =D40*E40+F40*G40+H40*I40+J40*K40+L40*M40 -> 43.5 | O40: Jan
B41: 10% BSG+70ppmE | C41: 1 | D41: 4 | E41: 1 | F41: 4.5 | G41: 2 | H41: 4 | I41: 4 | J41: 3.5 | K41: 4 | L41: 3 | M41: 9 | N41: =D41*E41+F41*G41+H41*I41+J41*K41+L41*M41 -> 70 | O41: Jan
B42: 20% BSG+70ppmE | C42: 1 | D42: 2 | E42: 1 | F42: 3 | G42: 2 | H42: 2.5 | I42: 4 | J42: 2 | K42: 4 | L42: 2 | M42: 9 | N42: =D42*E42+F42*G42+H42*I42+J42*K42+L42*M42 -> 44 | O42: Jan
A43: 1 | B43: Flour | C43: 2 | D43: 4 | E43: 1 | F43: 5 | G43: 2 | H43: 5 | I43: 4 | J43: 4 | K43: 4 | L43: 4.5 | M43: 9 | N43: =D43*E43+F43*G43+H43*I43+J43*K43+L43*M43 -> 90.5 | O43: Mar
B44: 10% BSG+70ppmE | C44: 2 | D44: 5 | E44: 1 | F44: 4.5 | G44: 2 | H44: 5 | I44: 4 | J44: 5 | K44: 4 | L44: 5 | M44: 9 | N44: =D44*E44+F44*G44+H44*I44+J44*K44+L44*M44 -> 99 | O44: Mar
B45: 20% BSG+70ppmE | C45: 2 | D45: 2.5 | E45: 1 | F45: 2.5 | G45: 2 | H45: 2.5 | I45: 4 | J45: 2 | K45: 4 | L45: 2 | M45: 9 | N45: =D46*E45+F45*G45+H45*I45+J45*K45+L45*M45 -> 44.5 | O45: Mar
B46: 10% BSG_fraction+70ppmE | C46: 2 | D46: 3.5 | E46: 1 | F46: 3.5 | G46: 2 | H46: 4 | I46: 4 | J46: 4 | K46: 4 | L46: 5 | M46: 9 | N46: =D47*E46+F46*G46+H46*I46+J46*K46+L46*M46 -> 86 | O46: Mar
B47: 20% BSG_fraction+70ppmE | C47: 2 | D47: 2 | E47: 1 | F47: 2.5 | G47: 2 | H47: 2 | I47: 4 | J47: 1 | K47: 4 | L47: 4 | M47: 9 | N47: =D48*E47+F47*G47+H47*I47+J47*K47+L47*M47 -> 57.5 | O47: Mar
B48: 10% BSG+140ppmE | C48: 2 | D48: 4.5 | E48: 1 | F48: 4.5 | G48: 2 | H48: 4.5 | I48: 4 | J48: 5 | K48: 4 | L48: 4.5 | M48: 9 | N48: =D49*E48+F48*G48+H48*I48+J48*K48+L48*M48 -> 90.5 | O48: Mar
B49: 20% BSG+140ppmE | C49: 2 | D49: 3 | E49: 1 | F49: 3.5 | G49: 2 | H49: 4 | I49: 4 | J49: 3 | K49: 4 | L49: 3 | M49: 9 | N49: =D50*E49+F49*G49+H49*I49+J49*K49+L49*M49 -> 65.5 | O49: Mar
B50: 10% BSG_fraction+140ppmE | C50: 2 | D50: 3.5 | E50: 1 | F50: 3 | G50: 2 | H50: 3.5 | I50: 4 | J50: 4 | K50: 4 | L50: 3.5 | M50: 9 | N50: =D51*E50+F50*G50+H50*I50+J50*K50+L50*M50 -> 69.5 | O50: Mar
B51: 20% BSG_fraction+140ppmE | C51: 2 | D51: 2 | E51: 1 | F51: 4 | G51: 2 | H51: 2.5 | I51: 4 | J51: 2 | K51: 4 | L51: 3.5 | M51: 9 | N51: =D51*E51+F51*G51+H51*I51+J51*K51+L51*M51 -> 59.5 | O51: Mar
A52: 2 | B52: Flour | C52: 2 | D52: 5 | E52: 1 | F52: 5 | G52: 2 | H52: 5 | I52: 4 | J52: 5 | K52: 4 | L52: 5 | M52: 9 | N52: =D52*E52+F52*G52+H52*I52+J52*K52+L52*M52 -> 100 | O52: Mar
B53: 10% BSG+70ppmE | C53: 2 | D53: 4 | E53: 1 | F53: 4 | G53: 2 | H53: 5 | I53: 4 | J53: 5 | K53: 4 | L53: 4 | M53: 9 | N53: =D53*E53+F53*G53+H53*I53+J53*K53+L53*M53 -> 88 | O53: Mar
B54: 20% BSG+70ppmE | C54: 2 | D54: 3 | E54: 1 | F54: 3 | G54: 2 | H54: 3 | I54: 4 | J54: 4 | K54: 4 | L54: 3 | M54: 9 | N54: =D54*E54+F54*G54+H54*I54+J54*K54+L54*M54 -> 64 | O54: Mar
B55: 10% BSG_fraction+70ppmE | C55: 2 | D55: 5 | E55: 1 | F55: 4 | G55: 2 | H55: 5 | I55: 4 | J55: 5 | K55: 4 | L55: 4 | M55: 9 | N55: =D55*E55+F55*G55+H55*I55+J55*K55+L55*M55 -> 89 | O55: Mar
B56: 20% BSG_fraction+70ppmE | C56: 2 | D56: 3 | E56: 1 | F56: 4 | G56: 2 | H56: 4 | I56: 4 | J56: 3 | K56: 4 | L56: 3 | M56: 9 | N56: =D56*E56+F56*G56+H56*I56+J56*K56+L56*M56 -> 66 | O56: Mar
B57: 10% BSG+140ppmE | C57: 2 | D57: 3 | E57: 1 | F57: 4 | G57: 2 | H57: 4 | I57: 4 | J57: 4 | K57: 4 | L57: 4 | M57: 9 | N57: =D57*E57+F57*G57+H57*I57+J57*K57+L57*M57 -> 79 | O57: Mar
B58: 20% BSG+140ppmE | C58: 2 | D58: 2 | E58: 1 | F58: 4 | G58: 2 | H58: 4 | I58: 4 | J58: 2 | K58: 4 | L58: 2 | M58: 9 | N58: =D58*E58+F58*G58+H58*I58+J58*K58+L58*M58 -> 52 | O58: Mar
B59: 10% BSG_fraction+140ppmE | C59: 2 | D59: 5 | E59: 1 | F59: 3 | G59: 2 | H59: 4 | I59: 4 | J59: 4 | K59: 4 | L59: 4 | M59: 9 | N59: =D59*E59+F59*G59+H59*I59+J59*K59+L59*M59 -> 79 | O59: Mar
B60: 20% BSG_fraction+140ppmE | C60: 2 | D60: 4 | E60: 1 | F60: 4 | G60: 2 | H60: 4 | I60: 4 | J60: 4 | K60: 4 | L60: 4 | M60: 9 | N60: =D60*E60+F60*G60+H60*I60+J60*K60+L60*M60 -> 80 | O60: Mar
A61: 3 | B61: Flour | C61: 2 | D61: 4.5 | E61: 1 | F61: 5 | G61: 2 | H61: 5 | I61: 4 | J61: 4 | K61: 4 | L61: 4.5 | M61: 9 | N61: =D61*E61+F61*G61+H61*I61+J61*K61+L61*M61 -> 91 | O61: Mar
B62: 10% BSG+70ppmE | C62: 2 | D62: 5 | E62: 1 | F62: 5 | G62: 2 | H62: 4.5 | I62: 4 | J62: 4.5 | K62: 4 | L62: 4 | M62: 9 | N62: =D62*E62+F62*G62+H62*I62+J62*K62+L62*M62 -> 87 | O62: Mar
B63: 20% BSG+70ppmE | C63: 2 | D63: 2 | E63: 1 | F63: 4 | G63: 2 | H63: 3 | I63: 4 | J63: 3.5 | K63: 4 | L63: 3.5 | M63: 9 | N63: =D63*E63+F63*G63+H63*I63+J63*K63+L63*M63 -> 67.5 | O63: Mar
B64: 10% BSG_fraction+70ppmE | C64: 2 | D64: 4 | E64: 1 | F64: 5 | G64: 2 | H64: 4 | I64: 4 | J64: 4.5 | K64: 4 | L64: 4.5 | M64: 9 | N64: =D64*E64+F64*G64+H64*I64+J64*K64+L64*M64 -> 88.5 | O64: Mar
B65: 20% BSG_fraction+70ppmE | C65: 2 | D65: 1.5 | E65: 1 | F65: 4 | G65: 2 | H65: 2.5 | I65: 4 | J65: 4 | K65: 4 | L65: 4 | M65: 9 | N65: =D65*E65+F65*G65+H65*I65+J65*K65+L65*M65 -> 71.5 | O65: Mar
B66: 10% BSG+140ppmE | C66: 2 | D66: 4.5 | E66: 1 | F66: 5 | G66: 2 | H66: 4.5 | I66: 4 | J66: 3 | K66: 4 | L66: 4 | M66: 9 | N66: =D66*E66+F66*G66+H66*I66+J66*K66+L66*M66 -> 80.5 | O66: Mar
B67: 20% BSG+140ppmE | C67: 2 | D67: 4.5 | E67: 1 | F67: 4 | G67: 2 | H67: 4 | I67: 4 | J67: 3.5 | K67: 4 | L67: 3.5 | M67: 9 | N67: =D67*E67+F67*G67+H67*I67+J67*K67+L67*M67 -> 74 | O67: Mar
B68: 10% BSG_fraction+140ppmE | C68: 2 | D68: 4 | E68: 1 | F68: 3.5 | G68: 2 | H68: 4 | I68: 4 | J68: 4 | K68: 4 | L68: 4 | M68: 9 | N68: =D68*E68+F68*G68+H68*I68+J68*K68+L68*M68 -> 79 | O68: Mar
B69: 20% BSG_fraction+140ppmE | C69: 2 | D69: 3.5 | E69: 1 | F69: 4 | G69: 2 | H69: 4 | I69: 4 | J69: 3.5 | K69: 4 | L69: 3.5 | M69: 9 | N69: =D69*E69+F69*G69+H69*I69+J69*K69+L69*M69 -> 73 | O69: Mar
A70: 4 | B70: Flour | C70: 2 | D70: 5 | E70: 1 | F70: 5 | G70: 2 | H70: 5 | I70: 4 | J70: 5 | K70: 4 | L70: 5 | M70: 9 | N70: =D70*E70+F70*G70+H70*I70+J70*K70+L70*M70 -> 100 | O70: Mar
B71: 10% BSG+70ppmE | C71: 2 | D71: 5 | E71: 1 | F71: 4.5 | G71: 2 | H71: 5 | I71: 4 | J71: 5 | K71: 4 | L71: 4 | M71: 9 | N71: =D71*E71+F71*G71+H71*I71+J71*K71+L71*M71 -> 90 | O71: Mar
B72: 20% BSG+70ppmE | C72: 2 | D72: 3 | E72: 1 | F72: 3 | G72: 2 | H72: 3 | I72: 4 | J72: 2 | K72: 4 | L72: 1 | M72: 9 | N72: =D72*E72+F72*G72+H72*I72+J72*K72+L72*M72 -> 38 | O72: Mar
B73: 10% BSG_fraction+70ppmE | C73: 2 | D73: 4 | E73: 1 | F73: 5 | G73: 2 | H73: 4.5 | I73: 4 | J73: 4 | K73: 4 | L73: 4.5 | M73: 9 | N73: =D73*E73+F73*G73+H73*I73+J73*K73+L73*M73 -> 88.5 | O73: Mar
B74: 20% BSG_fraction+70ppmE | C74: 2 | D74: 3 | E74: 1 | F74: 3 | G74: 2 | H74: 3 | I74: 4 | J74: 3 | K74: 4 | L74: 3.5 | M74: 9 | N74: =D74*E74+F74*G74+H74*I74+J74*K74+L74*M74 -> 64.5 | O74: Mar
B75: 10% BSG+140ppmE | C75: 2 | D75: 5 | E75: 1 | F75: 4 | G75: 2 | H75: 4 | I75: 4 | J75: 4.5 | K75: 4 | L75: 3 | M75: 9 | N75: =D75*E75+F75*G75+H75*I75+J75*K75+L75*M75 -> 74 | O75: Mar
B76: 20% BSG+140ppmE | C76: 2 | D76: 4 | E76: 1 | F76: 3 | G76: 2 | H76: 3.5 | I76: 4 | J76: 3.5 | K76: 4 | L76: 3 | M76: 9 | N76: =D76*E76+F76*G76+H76*I76+J76*K76+L76*M76 -> 65 | O76: Mar
B77: 10% BSG_fraction+140ppmE | C77: 2 | D77: 4 | E77: 1 | F77: 4 | G77: 2 | H77: 4 | I77: 4 | J77: 4.5 | K77: 4 | L77: 4 | M77: 9 | N77: =D77*E77+F77*G77+H77*I77+J77*K77+L77*M77 -> 82 | O77: Mar
B78: 20% BSG_fraction+140ppmE | C78: 2 | D78: 3 | E78: 1 | F78: 3 | G78: 2 | H78: 3 | I78: 4 | J78: 3.5 | K78: 4 | L78: 4 | M78: 9 | N78: =D78*E78+F78*G78+H78*I78+J78*K78+L78*M78 -> 71 | O78: Mar
A79: 5 | B79: Flour | C79: 2 | D79: 5 | E79: 1 | F79: 5 | G79: 2 | H79: 4 | I79: 4 | J79: 3.5 | K79: 4 | L79: 3.5 | M79: 9 | N79: =D79*E79+F79*G79+H79*I79+J79*K79+L79*M79 -> 76.5 | O79: Mar
B80: 10% BSG+70ppmE | C80: 2 | D80: 5 | E80: 1 | F80: 4 | G80: 2 | H80: 4.5 | I80: 4 | J80: 4 | K80: 4 | L80: 3 | M80: 9 | N80: =D80*E80+F80*G80+H80*I80+J80*K80+L80*M80 -> 74 | O80: Mar
B81: 20% BSG+70ppmE | C81: 2 | D81: 4 | E81: 1 | F81: 3 | G81: 2 | H81: 3.5 | I81: 4 | J81: 3 | K81: 4 | L81: 2.5 | M81: 9 | N81: =D81*E81+F81*G81+H81*I81+J81*K81+L81*M81 -> 58.5 | O81: Mar
B82: 10% BSG_fraction+70ppmE | C82: 2 | D82: 5 | E82: 1 | F82: 4 | G82: 2 | H82: 4 | I82: 4 | J82: 4 | K82: 4 | L82: 4 | M82: 9 | N82: =D82*E82+F82*G82+H82*I82+J82*K82+L82*M82 -> 81 | O82: Mar
B83: 20% BSG_fraction+70ppmE | C83: 2 | D83: 3 | E83: 1 | F83: 3 | G83: 2 | H83: 2 | I83: 4 | J83: 2 | K83: 4 | L83: 2 | M83: 9 | N83: =D83*E83+F83*G83+H83*I83+J83*K83+L83*M83 -> 43 | O83: Mar
B84: 10% BSG+140ppmE | C84: 2 | D84: 5 | E84: 1 | F84: 4.5 | G84: 2 | H84: 4.5 | I84: 4 | J84: 3 | K84: 4 | L84: 2 | M84: 9 | N84: =D84*E84+F84*G84+H84*I84+J84*K84+L84*M84 -> 62 | O84: Mar
B85: 20% BSG+140ppmE | C85: 2 | D85: 4 | E85: 1 | F85: 4 | G85: 2 | H85: 3.5 | I85: 4 | J85: 3 | K85: 4 | L85: 3.5 | M85: 9 | N85: =D85*E85+F85*G85+H85*I85+J85*K85+L85*M85 -> 69.5 | O85: Mar
B86: 10% BSG_fraction+140ppmE | C86: 2 | D86: 3 | E86: 1 | F86: 3 | G86: 2 | H86: 3 | I86: 4 | J86: 2 | K86: 4 | L86: 3.5 | M86: 9 | N86: =D86*E86+F86*G86+H86*I86+J86*K86+L86*M86 -> 60.5 | O86: Mar
B87: 20% BSG_fraction+140ppmE | C87: 2 | D87: 2 | E87: 1 | F87: 4 | G87: 2 | H87: 3 | I87: 4 | J87: 3 | K87: 4 | L87: 2.5 | M87: 9 | N87: =D87*E87+F87*G87+H87*I87+J87*K87+L87*M87 -> 56.5 | O87: Mar
A88: 6 | B88: Flour | C88: 2 | D88: 3.5 | E88: 1 | F88: 3.5 | G88: 2 | H88: 4 | I88: 4 | J88: 4 | K88: 4 | L88: 4 | M88: 9 | N88: =D88*E88+F88*G88+H88*I88+J88*K88+L88*M88 -> 78.5 | O88: Mar
B89: 10% BSG+70ppmE | C89: 2 | D89: 3 | E89: 1 | F89: 4 | G89: 2 | H89: 4 | I89: 4 | J89: 4 | K89: 4 | L89: 3 | M89: 9 | N89: =D89*E89+F89*G89+H89*I89+J89*K89+L89*M89 -> 70 | O89: Mar
B90: 20% BSG+70ppmE | C90: 2 | D90: 2.5 | E90: 1 | F90: 2.5 | G90: 2 | H90: 3 | I90: 4 | J90: 3.5 | K90: 4 | L90: 2 | M90: 9 | N90: =D90*E90+F90*G90+H90*I90+J90*K90+L90*M90 -> 51.5 | O90: Mar
B91: 10% BSG_fraction+70ppmE | C91: 2 | D91: 4 | E91: 1 | F91: 3.5 | G91: 2 | H91: 4 | I91: 4 | J91: 4.5 | K91: 4 | L91: 4.5 | M91: 9 | N91: =D91*E91+F91*G91+H91*I91+J91*K91+L91*M91 -> 85.5 | O91: Mar
B92: 20% BSG_fraction+70ppmE | C92: 2 | D92: 2 | E92: 1 | F92: 2 | G92: 2 | H92: 2.5 | I92: 4 | J92: 3 | K92: 4 | L92: 3.5 | M92: 9 | N92: =D92*E92+F92*G92+H92*I92+J92*K92+L92*M92 -> 59.5 | O92: Mar
B93: 10% BSG+140ppmE | C93: 2 | D93: 4 | E93: 1 | F93: 4 | G93: 2 | H93: 3.5 | I93: 4 | J93: 4 | K93: 4 | L93: 4 | M93: 9 | N93: =D93*E93+F93*G93+H93*I93+J93*K93+L93*M93 -> 78 | O93: Mar
B94: 20% BSG+140ppmE | C94: 2 | D94: 3.5 | E94: 1 | F94: 3 | G94: 2 | H94: 2.5 | I94: 4 | J94: 3.5 | K94: 4 | L94: 3.5 | M94: 9 | N94: =D94*E94+F94*G94+H94*I94+J94*K94+L94*M94 -> 65 | O94: Mar
B95: 10% BSG_fraction+140ppmE | C95: 2 | D95: 3 | E95: 1 | F95: 3.5 | G95: 2 | H95: 3.5 | I95: 4 | J95: 3.5 | K95: 4 | L95: 3.5 | M95: 9 | N95: =D95*E95+F95*G95+H95*I95+J95*K95+L95*M95 -> 69.5 | O95: Mar
B96: 20% BSG_fraction+140ppmE | C96: 2 | D96: 2 | E96: 1 | F96: 2 | G96: 2 | H96: 2.5 | I96: 4 | J96: 2 | K96: 4 | L96: 2 | M96: 9 | N96: =D96*E96+F96*G96+H96*I96+J96*K96+L96*M96 -> 42 | O96: Mar
A97: 7 | B97: Flour | C97: 2 | D97: 5 | E97: 1 | F97: 5 | G97: 2 | H97: 5 | I97: 4 | J97: 5 | K97: 4 | L97: 4 | M97: 9 | N97: =D97*E97+F97*G97+H97*I97+J97*K97+L97*M97 -> 91 | O97: Mar
B98: 10% BSG+70ppmE | C98: 2 | D98: 5 | E98: 1 | F98: 5 | G98: 2 | H98: 3 | I98: 4 | J98: 4 | K98: 4 | L98: 3 | M98: 9 | N98: =D98*E98+F98*G98+H98*I98+J98*K98+L98*M98 -> 70 | O98: Mar
B99: 20% BSG+70ppmE | C99: 2 | D99: 3 | E99: 1 | F99: 4 | G99: 2 | H99: 2 | I99: 4 | J99: 4 | K99: 4 | L99: 2 | M99: 9 | N99: =D99*E99+F99*G99+H99*I99+J99*K99+L99*M99 -> 53 | O99: Mar
B100: 10% BSG_fraction+70ppmE | C100: 2 | D100: 5 | E100: 1 | F100: 5 | G100: 2 | H100: 5 | I100: 4 | J100: 4 | K100: 4 | L100: 4.5 | M100: 9 | N100: =D100*E100+F100*G100+H100*I100+J100*K100+L100*M100 -> 91.5 | O100: Mar
...

Sheet 6_BreadCrumbPorosity
A1: N | B1: Name | C1: Method of Measurement | D1: 2D Porosity / Void Fraction (%) | E1: 3D Corrected Estimated Vol. (%) | F1: Cell Count (valid pores) | G1: Cell Density (cells/cm²) | H1: Mean Cell Area (mm² per pore) | I1: Date | K1: Summary Statistics by Test
A2: 1 | B2: Flour | C2: Ruler | D2: 41.45 | E2: 62.17 | F2: 822 | G2: 11.115 | H2: 3.7289 | I2: 46087 | K2: Test Name | L2: Avg 2D Porosity (%) | M2: SD 2D Porosity (%) | N2: Avg 3D Vol. (%) | O2: SD 3D Vol. (%) | P2: Avg Cell Count | Q2: SD Cell Count | R2: Avg Cell Density (cells/cm²) | S2: SD Cell Density | T2: Avg Mean Cell Area (mm²) | U2: SD Mean Cell Area
A3: 2 | B3: 10% BSG+70ppmE | C3: Ruler | D3: 26.25 | E3: 39.38 | F3: 569 | G3: 7.638 | H3: 3.4374 | I3: 46087 | K3: Flour | L3: =AVERAGEIF($B$2:$B$28,$K3,D$2:D$28) -> 41.48 | M3: {=STDEV(IF($B$2:$B$28=$K3,D$2:D$28))} -> 0.03 | N3: =AVERAGEIF($B$2:$B$28,$K3,E$2:E$28) -> 62.216667 | O3: {=STDEV(IF($B$2:$B$28=$K3,E$2:E$28))} -> 0.045092498 | P3: =AVERAGEIF($B$2:$B$28,$K3,F$2:F$28) -> 812.33333 | Q3: {=STDEV(IF($B$2:$B$28=$K3,F$2:F$28))} -> 11.930353 | R3: =AVERAGEIF($B$2:$B$28,$K3,G$2:G$28) -> 11.033333 | S3: {=STDEV(IF($B$2:$B$28=$K3,G$2:G$28))} -> 0.071360587 | T3: =AVERAGEIF($B$2:$B$28,$K3,H$2:H$28) -> 3.7596 | U3: {=STDEV(IF($B$2:$B$28=$K3,H$2:H$28))} -> 0.02694049
A4: 3 | B4: 20% BSG+70ppmE | C4: Ruler | D4: 14.95 | E4: 22.42 | F4: 276 | G4: 4.273 | H4: 3.4982 | I4: 46087 | K4: 10% BSG+70ppmE | L4: =AVERAGEIF($B$2:$B$28,$K4,D$2:D$28) -> 25.733333 | M4: {=STDEV(IF($B$2:$B$28=$K4,D$2:D$28))} -> 0.45081408 | N4: =AVERAGEIF($B$2:$B$28,$K4,E$2:E$28) -> 38.603333 | O4: {=STDEV(IF($B$2:$B$28=$K4,E$2:E$28))} -> 0.67796263 | P4: =AVERAGEIF($B$2:$B$28,$K4,F$2:F$28) -> 574 | Q4: {=STDEV(IF($B$2:$B$28=$K4,F$2:F$28))} -> 8.660254 | R4: =AVERAGEIF($B$2:$B$28,$K4,G$2:G$28) -> 7.6126667 | S4: {=STDEV(IF($B$2:$B$28=$K4,G$2:G$28))} -> 0.092635486 | T4: =AVERAGEIF($B$2:$B$28,$K4,H$2:H$28) -> 3.3809 | U4: {=STDEV(IF($B$2:$B$28=$K4,H$2:H$28))} -> 0.058657566
A5: 4 | B5: 10% BSG_fraction+70ppmE | C5: Ruler | D5: 28.16 | E5: 42.24 | F5: 633 | G5: 8.1 | H5: 3.4761 | I5: 46087 | K5: 20% BSG+70ppmE | L5: =AVERAGEIF($B$2:$B$28,$K5,D$2:D$28) -> 19.663333 | M5: {=STDEV(IF($B$2:$B$28=$K5,D$2:D$28))} -> 5.4096334 | N5: =AVERAGEIF($B$2:$B$28,$K5,E$2:E$28) -> 29.496667 | O5: {=STDEV(IF($B$2:$B$28=$K5,E$2:E$28))} -> 8.1188074 | P5: =AVERAGEIF($B$2:$B$28,$K5,F$2:F$28) -> 386.66667 | Q5: {=STDEV(IF($B$2:$B$28=$K5,F$2:F$28))} -> 96.173454 | R5: =AVERAGEIF($B$2:$B$28,$K5,G$2:G$28) -> 6.0316667 | S5: {=STDEV(IF($B$2:$B$28=$K5,G$2:G$28))} -> 1.5314311 | T5: =AVERAGEIF($B$2:$B$28,$K5,H$2:H$28) -> 3.2996 | U5: {=STDEV(IF($B$2:$B$28=$K5,H$2:H$28))} -> 0.61215825
A6: 5 | B6: 20% BSG_fraction+70ppmE | C6: Ruler | D6: 23.27 | E6: 34.91 | F6: 602 | G6: 9.646 | H6: 2.4125 | I6: 46087 | K6: 10% BSG_fraction+70ppmE | L6: =AVERAGEIF($B$2:$B$28,$K6,D$2:D$28) -> 27.823333 | M6: {=STDEV(IF($B$2:$B$28=$K6,D$2:D$28))} -> 1.8283964 | N6: =AVERAGEIF($B$2:$B$28,$K6,E$2:E$28) -> 41.733333 | O6: {=STDEV(IF($B$2:$B$28=$K6,E$2:E$28))} -> 2.7452929 | P6: =AVERAGEIF($B$2:$B$28,$K6,F$2:F$28) -> 640.33333 | Q6: {=STDEV(IF($B$2:$B$28=$K6,F$2:F$28))} -> 57.35271 | R6: =AVERAGEIF($B$2:$B$28,$K6,G$2:G$28) -> 8.1276667 | S6: {=STDEV(IF($B$2:$B$28=$K6,G$2:G$28))} -> 0.47510455 | T6: =AVERAGEIF($B$2:$B$28,$K6,H$2:H$28) -> 3.4394667 | U6: {=STDEV(IF($B$2:$B$28=$K6,H$2:H$28))} -> 0.42234325
A7: 6 | B7: 10% BSG+140ppmE | C7: Ruler | D7: 27.27 | E7: 40.91 | F7: 431 | G7: 5.159 | H7: 5.2858 | I7: 46087 | K7: 20% BSG_fraction+70ppmE | L7: =AVERAGEIF($B$2:$B$28,$K7,D$2:D$28) -> 22.756667 | M7: {=STDEV(IF($B$2:$B$28=$K7,D$2:D$28))} -> 0.80407297 | N7: =AVERAGEIF($B$2:$B$28,$K7,E$2:E$28) -> 34.136667 | O7: {=STDEV(IF($B$2:$B$28=$K7,E$2:E$28))} -> 1.2035503 | P7: =AVERAGEIF($B$2:$B$28,$K7,F$2:F$28) -> 585.33333 | Q7: {=STDEV(IF($B$2:$B$28=$K7,F$2:F$28))} -> 21.548395 | R7: =AVERAGEIF($B$2:$B$28,$K7,G$2:G$28) -> 9.729 | S7: {=STDEV(IF($B$2:$B$28=$K7,G$2:G$28))} -> 0.21017374 | T7: =AVERAGEIF($B$2:$B$28,$K7,H$2:H$28) -> 2.3410333 | U7: {=STDEV(IF($B$2:$B$28=$K7,H$2:H$28))} -> 0.13050909
A8: 7 | B8: 20% BSG+140ppmE | C8: Ruler | D8: 21.89 | E8: 32.83 | F8: 550 | G8: 7.171 | H8: 3.0522 | I8: 46087 | K8: 10% BSG+140ppmE | L8: =AVERAGEIF($B$2:$B$28,$K8,D$2:D$28) -> 24.9 | M8: {=STDEV(IF($B$2:$B$28=$K8,D$2:D$28))} -> 2.6303422 | N8: =AVERAGEIF($B$2:$B$28,$K8,E$2:E$28) -> 37.353333 | O8: {=STDEV(IF($B$2:$B$28=$K8,E$2:E$28))} -> 3.9513331 | P8: =AVERAGEIF($B$2:$B$28,$K8,F$2:F$28) -> 506 | Q8: {=STDEV(IF($B$2:$B$28=$K8,F$2:F$28))} -> 142.20056 | R8: =AVERAGEIF($B$2:$B$28,$K8,G$2:G$28) -> 5.1096667 | S8: {=STDEV(IF($B$2:$B$28=$K8,G$2:G$28))} -> 0.13969371 | T8: =AVERAGEIF($B$2:$B$28,$K8,H$2:H$28) -> 4.8789 | U8: {=STDEV(IF($B$2:$B$28=$K8,H$2:H$28))} -> 0.56915728
A9: 8 | B9: 10% BSG_fraction+140ppmE | C9: Ruler | D9: 15.16 | E9: 22.75 | F9: 647 | G9: 9.987 | H9: 1.5183 | I9: 46087 | K9: 20% BSG+140ppmE | L9: =AVERAGEIF($B$2:$B$28,$K9,D$2:D$28) -> 19.386667 | M9: {=STDEV(IF($B$2:$B$28=$K9,D$2:D$28))} -> 2.7274591 | N9: =AVERAGEIF($B$2:$B$28,$K9,E$2:E$28) -> 29.076667 | O9: {=STDEV(IF($B$2:$B$28=$K9,E$2:E$28))} -> 4.0885246 | P9: =AVERAGEIF($B$2:$B$28,$K9,F$2:F$28) -> 565.66667 | Q9: {=STDEV(IF($B$2:$B$28=$K9,F$2:F$28))} -> 17.785762 | R9: =AVERAGEIF($B$2:$B$28,$K9,G$2:G$28) -> 7.427 | S9: {=STDEV(IF($B$2:$B$28=$K9,G$2:G$28))} -> 0.22260279 | T9: =AVERAGEIF($B$2:$B$28,$K9,H$2:H$28) -> 2.6174 | U9: {=STDEV(IF($B$2:$B$28=$K9,H$2:H$28))} -> 0.43246915
A10: 9 | B10: 20% BSG_fraction+140ppmE | C10: Ruler | D10: 19.72 | E10: 29.58 | F10: 690 | G10: 9.973 | H10: 1.977 | I10: 46087 | K10: 10% BSG_fraction+140ppmE | L10: =AVERAGEIF($B$2:$B$28,$K10,D$2:D$28) -> 16.2 | M10: {=STDEV(IF($B$2:$B$28=$K10,D$2:D$28))} -> 1.099136 | N10: =AVERAGEIF($B$2:$B$28,$K10,E$2:E$28) -> 24.3 | O10: {=STDEV(IF($B$2:$B$28=$K10,E$2:E$28))} -> 1.6416151 | P10: =AVERAGEIF($B$2:$B$28,$K10,F$2:F$28) -> 673.33333 | Q10: {=STDEV(IF($B$2:$B$28=$K10,F$2:F$28))} -> 34.961884 | R10: =AVERAGEIF($B$2:$B$28,$K10,G$2:G$28) -> 9.878 | S10: {=STDEV(IF($B$2:$B$28=$K10,G$2:G$28))} -> 0.11781766 | T10: =AVERAGEIF($B$2:$B$28,$K10,H$2:H$28) -> 1.6402667 | U10: {=STDEV(IF($B$2:$B$28=$K10,H$2:H$28))} -> 0.11771025
A11: 1 | B11: Flour | C11: Ruler | D11: 41.48 | E11: 62.22 | F11: 799 | G11: 11.002 | H11: 3.7706 | I11: 46138 | K11: 20% BSG_fraction+140ppmE | L11: =AVERAGEIF($B$2:$B$28,$K11,D$2:D$28) -> 22.683333 | M11: {=STDEV(IF($B$2:$B$28=$K11,D$2:D$28))} -> 2.8309068 | N11: =AVERAGEIF($B$2:$B$28,$K11,E$2:E$28) -> 34.026667 | O11: {=STDEV(IF($B$2:$B$28=$K11,E$2:E$28))} -> 4.2508391 | P11: =AVERAGEIF($B$2:$B$28,$K11,F$2:F$28) -> 676.66667 | Q11: {=STDEV(IF($B$2:$B$28=$K11,F$2:F$28))} -> 18.147543 | R11: =AVERAGEIF($B$2:$B$28,$K11,G$2:G$28) -> 9.7 | S11: {=STDEV(IF($B$2:$B$28=$K11,G$2:G$28))} -> 0.34517966 | T11: =AVERAGEIF($B$2:$B$28,$K11,H$2:H$28) -> 2.3468667 | U11: {=STDEV(IF($B$2:$B$28=$K11,H$2:H$28))} -> 0.37339875
A12: 2 | B12: 10% BSG+70ppmE | C12: Ruler | D12: 25.42 | E12: 38.13 | F12: 569 | G12: 7.51 | H12: 3.385 | I12: 46138
A13: 3 | B13: 20% BSG+70ppmE | C13: Ruler | D13: 25.57 | E13: 38.36 | F13: 434 | G13: 6.751 | H13: 3.7878 | I13: 46138
A14: 4 | B14: 10% BSG_fraction+70ppmE | C14: Ruler | D14: 25.85 | E14: 38.77 | F14: 701 | G14: 8.616 | H14: 3 | I14: 46138
A15: 5 | B15: 20% BSG_fraction+70ppmE | C15: Ruler | D15: 21.83 | E15: 32.75 | F15: 593 | G15: 9.968 | H15: 2.1904 | I15: 46138
A16: 6 | B16: 10% BSG+140ppmE | C16: Ruler | D16: 22.07 | E16: 33.1 | F16: 670 | G16: 5.218 | H16: 4.2285 | I16: 46138
A17: 7 | B17: 20% BSG+140ppmE | C17: Ruler | D17: 16.48 | E17: 24.72 | F17: 585 | G17: 7.535 | H17: 2.1873 | I17: 46138
A18: 8 | B18: 10% BSG_fraction+140ppmE | C18: Ruler | D18: 17.35 | E18: 26.02 | F18: 713 | G18: 9.894 | H18: 1.7532 | I18: 46138
A19: 9 | B19: 20% BSG_fraction+140ppmE | C19: Ruler | D19: 25.36 | E19: 38.05 | F19: 656 | G19: 9.312 | H19: 2.7237 | I19: 46138
A20: 1 | B20: Flour | C20: Ruler | D20: 41.51 | E20: 62.26 | F20: 816 | G20: 10.983 | H20: 3.7793 | I20: 46139
A21: 2 | B21: 10% BSG+70ppmE | C21: Ruler | D21: 25.53 | E21: 38.3 | F21: 584 | G21: 7.69 | H21: 3.3203 | I21: 46139
A22: 3 | B22: 20% BSG+70ppmE | C22: Ruler | D22: 18.47 | E22: 27.71 | F22: 450 | G22: 7.071 | H22: 2.6128 | I22: 46139
A23: 4 | B23: 10% BSG_fraction+70ppmE | C23: Ruler | D23: 29.46 | E23: 44.19 | F23: 587 | G23: 7.667 | H23: 3.8423 | I23: 46139
... A28: 9 | B28: 20% BSG_fraction+140ppmE | C28: Ruler | D28: 22.97 | E28: 34.45 | F28: 684 | G28: 9.815 | H28: 2.3399 | I28: 46139

Sheet Extra_RecipientsWeight
A1: Number | B1: Weight | C1: Test
A2: 148 | B2: 24.1409 | C2: Moisture
A3: 485 | B3: 26.9466 | C3: Moisture
A4: 212 | B4: 27.5179 | C4: Moisture
A5: 471 | B5: 27.315 | C5: Moisture
A6: 446 | B6: 27.4846 | C6: Moisture
A7: 352 | B7: 23.6953 | C7: Moisture
A8: 793 | B8: 27.2473 | C8: Moisture
A9: 403 | B9: 26.9417 | C9: Moisture
A10: 14 | B10: 20.0606 | C10: Ashes
A11: 18 | B11: 21.0947 | C11: Ashes
A12: 15 | B12: 19.1663 | C12: Ashes
A13: 5 | B13: 20.0899 | C13: Ashes
... A31: 18.1 | B31: 21.1181 | C31: Ashes
